-- --------------------------------------------------------
-- Servidor:                     127.0.0.1
-- Versão do servidor:           5.7.27-log - MySQL Community Server (GPL)
-- OS do Servidor:               Win64
-- HeidiSQL Versão:              10.3.0.5771
-- --------------------------------------------------------

/*!40101 SET @OLD_CHARACTER_SET_CLIENT=@@CHARACTER_SET_CLIENT */;
/*!40101 SET NAMES utf8 */;
/*!50503 SET NAMES utf8mb4 */;
/*!40014 SET @OLD_FOREIGN_KEY_CHECKS=@@FOREIGN_KEY_CHECKS, FOREIGN_KEY_CHECKS=0 */;
/*!40101 SET @OLD_SQL_MODE=@@SQL_MODE, SQL_MODE='NO_AUTO_VALUE_ON_ZERO' */;

-- Copiando estrutura para tabela op2.cliente
CREATE TABLE IF NOT EXISTS `cliente` (
  `idcliente` int(11) NOT NULL AUTO_INCREMENT,
  `nome` varchar(45) DEFAULT NULL,
  `email` varchar(45) DEFAULT NULL,
  `password` varchar(45) DEFAULT NULL,
  `api_key` varchar(80) DEFAULT NULL,
  `api_secret` varchar(80) DEFAULT NULL,
  `data_limite` date DEFAULT NULL,
  `ativo` int(11) DEFAULT NULL,
  PRIMARY KEY (`idcliente`),
  UNIQUE KEY `email_UNIQUE` (`email`)
) ENGINE=InnoDB AUTO_INCREMENT=54 DEFAULT CHARSET=latin1;

-- Copiando dados para a tabela op2.cliente: ~1 rows (aproximadamente)
/*!40000 ALTER TABLE `cliente` DISABLE KEYS */;
INSERT INTO `cliente` (`idcliente`, `nome`, `email`, `password`, `api_key`, `api_secret`, `data_limite`, `ativo`) VALUES
	(53, 'marcios', 'marciosunico18@gmail.com', '4601f5b3762a5e065c1b6a8ae9398455', NULL, NULL, '2030-04-09', 1);
/*!40000 ALTER TABLE `cliente` ENABLE KEYS */;

-- Copiando estrutura para tabela op2.criterio
CREATE TABLE IF NOT EXISTS `criterio` (
  `id_criterio` int(11) NOT NULL,
  `criterio_op` varchar(45) DEFAULT NULL,
  PRIMARY KEY (`id_criterio`)
) ENGINE=InnoDB DEFAULT CHARSET=latin1;

-- Copiando dados para a tabela op2.criterio: ~7 rows (aproximadamente)
/*!40000 ALTER TABLE `criterio` DISABLE KEYS */;
INSERT INTO `criterio` (`id_criterio`, `criterio_op`) VALUES
	(1, 'Compra'),
	(2, 'Compra'),
	(3, 'Venda'),
	(4, 'StopLoss venda'),
	(5, 'StopLoss compra'),
	(6, 'Ordem cancelada'),
	(7, 'Venda a Mercado');
/*!40000 ALTER TABLE `criterio` ENABLE KEYS */;

-- Copiando estrutura para tabela op2.log
CREATE TABLE IF NOT EXISTS `log` (
  `idlog` int(11) NOT NULL AUTO_INCREMENT,
  `log` int(11) DEFAULT NULL,
  `hora` time DEFAULT NULL,
  `data` date DEFAULT NULL,
  `criterio` int(11) DEFAULT NULL,
  `id_cliente` int(11) DEFAULT NULL,
  PRIMARY KEY (`idlog`),
  KEY `FK_log_cliente` (`id_cliente`),
  CONSTRAINT `FK_log_cliente` FOREIGN KEY (`id_cliente`) REFERENCES `cliente` (`idcliente`)
) ENGINE=InnoDB AUTO_INCREMENT=2238 DEFAULT CHARSET=latin1;

-- Copiando dados para a tabela op2.log: ~2.237 rows (aproximadamente)
/*!40000 ALTER TABLE `log` DISABLE KEYS */;
INSERT INTO `log` (`idlog`, `log`, `hora`, `data`, `criterio`, `id_cliente`) VALUES
	(1, 200, '03:34:05', '2020-02-28', 1, NULL),
	(2, 270, '03:34:06', '2020-02-28', 1, NULL),
	(3, 267, '06:58:51', '2020-02-28', 4, NULL),
	(4, 267, '06:58:55', '2020-02-28', 4, NULL),
	(5, 382, '06:58:55', '2020-02-28', 4, NULL),
	(6, 383, '06:58:56', '2020-02-28', 4, NULL),
	(7, 267, '06:59:58', '2020-02-28', 4, NULL),
	(8, 267, '06:59:58', '2020-02-28', 4, NULL),
	(9, 267, '06:59:59', '2020-02-28', 4, NULL),
	(10, 267, '07:00:02', '2020-02-28', 4, NULL),
	(11, 267, '07:00:02', '2020-02-28', 4, NULL),
	(12, 267, '07:00:03', '2020-02-28', 4, NULL),
	(13, 267, '07:00:03', '2020-02-28', 4, NULL),
	(14, 267, '07:00:04', '2020-02-28', 4, NULL),
	(15, 267, '07:00:06', '2020-02-28', 4, NULL),
	(16, 267, '07:00:06', '2020-02-28', 4, NULL),
	(17, 267, '07:00:07', '2020-02-28', 4, NULL),
	(18, 267, '07:00:08', '2020-02-28', 4, NULL),
	(19, 267, '07:00:09', '2020-02-28', 4, NULL),
	(20, 267, '07:00:11', '2020-02-28', 4, NULL),
	(21, 267, '07:00:11', '2020-02-28', 4, NULL),
	(22, 267, '07:00:12', '2020-02-28', 4, NULL),
	(23, 267, '07:00:14', '2020-02-28', 4, NULL),
	(24, 267, '07:00:14', '2020-02-28', 4, NULL),
	(25, 267, '07:00:15', '2020-02-28', 4, NULL),
	(26, 267, '07:00:16', '2020-02-28', 4, NULL),
	(27, 267, '07:00:17', '2020-02-28', 4, NULL),
	(28, 267, '07:00:18', '2020-02-28', 4, NULL),
	(29, 267, '07:00:19', '2020-02-28', 4, NULL),
	(30, 267, '07:00:20', '2020-02-28', 4, NULL),
	(31, 267, '07:00:21', '2020-02-28', 4, NULL),
	(32, 267, '07:00:22', '2020-02-28', 4, NULL),
	(33, 267, '07:00:23', '2020-02-28', 4, NULL),
	(34, 267, '07:00:24', '2020-02-28', 4, NULL),
	(35, 267, '07:00:25', '2020-02-28', 4, NULL),
	(36, 382, '07:00:26', '2020-02-28', 4, NULL),
	(37, 383, '07:00:27', '2020-02-28', 4, NULL),
	(38, 267, '07:01:29', '2020-02-28', 4, NULL),
	(39, 267, '07:01:29', '2020-02-28', 4, NULL),
	(40, 267, '07:01:30', '2020-02-28', 4, NULL),
	(41, 267, '07:01:31', '2020-02-28', 4, NULL),
	(42, 267, '07:01:32', '2020-02-28', 4, NULL),
	(43, 267, '07:01:33', '2020-02-28', 4, NULL),
	(44, 267, '07:01:34', '2020-02-28', 4, NULL),
	(45, 267, '07:01:35', '2020-02-28', 4, NULL),
	(46, 267, '07:01:36', '2020-02-28', 4, NULL),
	(47, 267, '07:01:37', '2020-02-28', 4, NULL),
	(48, 267, '07:01:38', '2020-02-28', 4, NULL),
	(49, 267, '07:01:39', '2020-02-28', 4, NULL),
	(50, 267, '07:01:40', '2020-02-28', 4, NULL),
	(51, 267, '07:01:41', '2020-02-28', 4, NULL),
	(52, 267, '07:01:42', '2020-02-28', 4, NULL),
	(53, 267, '07:01:43', '2020-02-28', 4, NULL),
	(54, 267, '07:01:44', '2020-02-28', 4, NULL),
	(55, 267, '07:01:45', '2020-02-28', 4, NULL),
	(56, 267, '07:01:46', '2020-02-28', 4, NULL),
	(57, 267, '07:01:47', '2020-02-28', 4, NULL),
	(58, 267, '07:01:48', '2020-02-28', 4, NULL),
	(59, 267, '07:01:49', '2020-02-28', 4, NULL),
	(60, 267, '07:01:50', '2020-02-28', 4, NULL),
	(61, 267, '07:01:51', '2020-02-28', 4, NULL),
	(62, 267, '07:01:54', '2020-02-28', 4, NULL),
	(63, 267, '07:01:54', '2020-02-28', 4, NULL),
	(64, 267, '07:01:55', '2020-02-28', 4, NULL),
	(65, 267, '07:01:56', '2020-02-28', 4, NULL),
	(66, 267, '07:01:56', '2020-02-28', 4, NULL),
	(67, 267, '07:01:58', '2020-02-28', 4, NULL),
	(68, 383, '07:01:58', '2020-02-28', 4, NULL),
	(69, 267, '07:03:01', '2020-02-28', 4, NULL),
	(70, 267, '07:03:01', '2020-02-28', 4, NULL),
	(71, 267, '07:03:02', '2020-02-28', 4, NULL),
	(72, 267, '07:03:04', '2020-02-28', 4, NULL),
	(73, 267, '07:03:05', '2020-02-28', 4, NULL),
	(74, 267, '07:03:05', '2020-02-28', 4, NULL),
	(75, 267, '07:03:07', '2020-02-28', 4, NULL),
	(76, 267, '07:03:07', '2020-02-28', 4, NULL),
	(77, 267, '07:03:09', '2020-02-28', 4, NULL),
	(78, 267, '07:03:11', '2020-02-28', 4, NULL),
	(79, 267, '07:03:11', '2020-02-28', 4, NULL),
	(80, 267, '07:03:11', '2020-02-28', 4, NULL),
	(81, 267, '07:03:12', '2020-02-28', 4, NULL),
	(82, 267, '07:03:13', '2020-02-28', 4, NULL),
	(83, 267, '07:03:14', '2020-02-28', 4, NULL),
	(84, 267, '07:03:16', '2020-02-28', 4, NULL),
	(85, 267, '07:03:17', '2020-02-28', 4, NULL),
	(86, 267, '07:03:17', '2020-02-28', 4, NULL),
	(87, 267, '07:03:19', '2020-02-28', 4, NULL),
	(88, 267, '07:03:19', '2020-02-28', 4, NULL),
	(89, 267, '07:03:21', '2020-02-28', 4, NULL),
	(90, 267, '07:03:22', '2020-02-28', 4, NULL),
	(91, 267, '07:03:22', '2020-02-28', 4, NULL),
	(92, 267, '07:03:23', '2020-02-28', 4, NULL),
	(93, 267, '07:03:24', '2020-02-28', 4, NULL),
	(94, 267, '07:03:25', '2020-02-28', 4, NULL),
	(95, 267, '07:03:26', '2020-02-28', 4, NULL),
	(96, 267, '07:03:27', '2020-02-28', 4, NULL),
	(97, 267, '07:03:28', '2020-02-28', 4, NULL),
	(98, 267, '07:03:29', '2020-02-28', 4, NULL),
	(99, 382, '07:03:30', '2020-02-28', 4, NULL),
	(100, 267, '07:04:33', '2020-02-28', 4, NULL),
	(101, 267, '07:04:34', '2020-02-28', 4, NULL),
	(102, 267, '07:04:35', '2020-02-28', 4, NULL),
	(103, 267, '07:04:36', '2020-02-28', 4, NULL),
	(104, 267, '07:04:37', '2020-02-28', 4, NULL),
	(105, 267, '07:04:37', '2020-02-28', 4, NULL),
	(106, 267, '07:04:40', '2020-02-28', 4, NULL),
	(107, 267, '07:04:41', '2020-02-28', 4, NULL),
	(108, 267, '07:04:42', '2020-02-28', 4, NULL),
	(109, 267, '07:04:42', '2020-02-28', 4, NULL),
	(110, 267, '07:04:43', '2020-02-28', 4, NULL),
	(111, 267, '07:04:44', '2020-02-28', 4, NULL),
	(112, 267, '07:04:45', '2020-02-28', 4, NULL),
	(113, 267, '07:04:46', '2020-02-28', 4, NULL),
	(114, 267, '07:04:47', '2020-02-28', 4, NULL),
	(115, 267, '07:04:48', '2020-02-28', 4, NULL),
	(116, 267, '07:04:50', '2020-02-28', 4, NULL),
	(117, 267, '07:04:50', '2020-02-28', 4, NULL),
	(118, 267, '07:04:51', '2020-02-28', 4, NULL),
	(119, 267, '07:04:52', '2020-02-28', 4, NULL),
	(120, 267, '07:04:53', '2020-02-28', 4, NULL),
	(121, 267, '07:04:54', '2020-02-28', 4, NULL),
	(122, 267, '07:04:55', '2020-02-28', 4, NULL),
	(123, 267, '07:04:57', '2020-02-28', 4, NULL),
	(124, 267, '07:04:57', '2020-02-28', 4, NULL),
	(125, 267, '07:04:58', '2020-02-28', 4, NULL),
	(126, 267, '07:05:00', '2020-02-28', 4, NULL),
	(127, 267, '07:05:00', '2020-02-28', 4, NULL),
	(128, 267, '07:05:00', '2020-02-28', 4, NULL),
	(129, 382, '07:05:03', '2020-02-28', 4, NULL),
	(130, 383, '07:05:03', '2020-02-28', 4, NULL),
	(131, 383, '07:05:03', '2020-02-28', 4, NULL),
	(132, 267, '07:09:25', '2020-02-28', 4, NULL),
	(133, 267, '07:09:26', '2020-02-28', 4, NULL),
	(134, 267, '07:09:26', '2020-02-28', 4, NULL),
	(135, 267, '07:09:27', '2020-02-28', 4, NULL),
	(136, 267, '07:09:28', '2020-02-28', 4, NULL),
	(137, 267, '07:09:30', '2020-02-28', 4, NULL),
	(138, 382, '07:09:30', '2020-02-28', 4, NULL),
	(139, 383, '07:09:31', '2020-02-28', 4, NULL),
	(140, 267, '07:10:33', '2020-02-28', 4, NULL),
	(141, 267, '07:10:34', '2020-02-28', 4, NULL),
	(142, 267, '07:10:35', '2020-02-28', 4, NULL),
	(143, 267, '07:10:36', '2020-02-28', 4, NULL),
	(144, 267, '07:10:37', '2020-02-28', 4, NULL),
	(145, 267, '07:10:38', '2020-02-28', 4, NULL),
	(146, 267, '07:10:39', '2020-02-28', 4, NULL),
	(147, 267, '07:10:39', '2020-02-28', 4, NULL),
	(148, 267, '07:10:41', '2020-02-28', 4, NULL),
	(149, 267, '07:10:43', '2020-02-28', 4, NULL),
	(150, 267, '07:10:43', '2020-02-28', 4, NULL),
	(151, 267, '07:10:44', '2020-02-28', 4, NULL),
	(152, 267, '07:10:45', '2020-02-28', 4, NULL),
	(153, 267, '07:10:46', '2020-02-28', 4, NULL),
	(154, 267, '07:10:47', '2020-02-28', 4, NULL),
	(155, 267, '07:10:48', '2020-02-28', 4, NULL),
	(156, 267, '07:10:48', '2020-02-28', 4, NULL),
	(157, 267, '07:10:49', '2020-02-28', 4, NULL),
	(158, 267, '07:10:52', '2020-02-28', 4, NULL),
	(159, 267, '07:10:52', '2020-02-28', 4, NULL),
	(160, 267, '07:10:53', '2020-02-28', 4, NULL),
	(161, 267, '07:10:53', '2020-02-28', 4, NULL),
	(162, 267, '07:10:54', '2020-02-28', 4, NULL),
	(163, 267, '07:10:56', '2020-02-28', 4, NULL),
	(164, 267, '07:10:58', '2020-02-28', 4, NULL),
	(165, 267, '07:10:58', '2020-02-28', 4, NULL),
	(166, 267, '07:10:59', '2020-02-28', 4, NULL),
	(167, 267, '07:11:00', '2020-02-28', 4, NULL),
	(168, 267, '07:11:03', '2020-02-28', 4, NULL),
	(169, 382, '07:11:03', '2020-02-28', 4, NULL),
	(170, 383, '07:11:03', '2020-02-28', 4, NULL),
	(171, 383, '07:11:06', '2020-02-28', 4, NULL),
	(172, 267, '07:12:05', '2020-02-28', 4, NULL),
	(173, 267, '07:12:07', '2020-02-28', 4, NULL),
	(174, 267, '07:12:08', '2020-02-28', 4, NULL),
	(175, 267, '07:12:10', '2020-02-28', 4, NULL),
	(176, 267, '07:12:10', '2020-02-28', 4, NULL),
	(177, 267, '07:12:10', '2020-02-28', 4, NULL),
	(178, 267, '07:12:11', '2020-02-28', 4, NULL),
	(179, 267, '07:12:13', '2020-02-28', 4, NULL),
	(180, 267, '07:12:13', '2020-02-28', 4, NULL),
	(181, 267, '07:12:14', '2020-02-28', 4, NULL),
	(182, 267, '07:12:15', '2020-02-28', 4, NULL),
	(183, 267, '07:12:16', '2020-02-28', 4, NULL),
	(184, 267, '07:12:17', '2020-02-28', 4, NULL),
	(185, 267, '07:12:18', '2020-02-28', 4, NULL),
	(186, 267, '07:12:19', '2020-02-28', 4, NULL),
	(187, 267, '07:12:21', '2020-02-28', 4, NULL),
	(188, 267, '07:12:21', '2020-02-28', 4, NULL),
	(189, 267, '07:12:22', '2020-02-28', 4, NULL),
	(190, 267, '07:12:23', '2020-02-28', 4, NULL),
	(191, 267, '07:12:24', '2020-02-28', 4, NULL),
	(192, 267, '07:12:25', '2020-02-28', 4, NULL),
	(193, 267, '07:12:26', '2020-02-28', 4, NULL),
	(194, 267, '07:12:28', '2020-02-28', 4, NULL),
	(195, 267, '07:12:29', '2020-02-28', 4, NULL),
	(196, 267, '07:12:29', '2020-02-28', 4, NULL),
	(197, 267, '07:12:31', '2020-02-28', 4, NULL),
	(198, 267, '07:12:31', '2020-02-28', 4, NULL),
	(199, 267, '07:12:33', '2020-02-28', 4, NULL),
	(200, 267, '07:12:35', '2020-02-28', 4, NULL),
	(201, 267, '07:12:35', '2020-02-28', 4, NULL),
	(202, 383, '07:12:35', '2020-02-28', 4, NULL),
	(203, 267, '07:13:38', '2020-02-28', 4, NULL),
	(204, 267, '07:13:38', '2020-02-28', 4, NULL),
	(205, 267, '07:13:39', '2020-02-28', 4, NULL),
	(206, 267, '07:13:41', '2020-02-28', 4, NULL),
	(207, 267, '07:13:42', '2020-02-28', 4, NULL),
	(208, 267, '07:13:44', '2020-02-28', 4, NULL),
	(209, 267, '07:13:44', '2020-02-28', 4, NULL),
	(210, 267, '07:13:45', '2020-02-28', 4, NULL),
	(211, 267, '07:13:45', '2020-02-28', 4, NULL),
	(212, 267, '07:13:47', '2020-02-28', 4, NULL),
	(213, 267, '07:13:47', '2020-02-28', 4, NULL),
	(214, 267, '07:13:49', '2020-02-28', 4, NULL),
	(215, 267, '07:13:49', '2020-02-28', 4, NULL),
	(216, 267, '07:13:50', '2020-02-28', 4, NULL),
	(217, 267, '07:13:51', '2020-02-28', 4, NULL),
	(218, 267, '07:13:52', '2020-02-28', 4, NULL),
	(219, 267, '07:13:53', '2020-02-28', 4, NULL),
	(220, 267, '07:13:54', '2020-02-28', 4, NULL),
	(221, 267, '07:13:56', '2020-02-28', 4, NULL),
	(222, 267, '07:13:56', '2020-02-28', 4, NULL),
	(223, 267, '07:13:57', '2020-02-28', 4, NULL),
	(224, 267, '07:13:58', '2020-02-28', 4, NULL),
	(225, 267, '07:14:01', '2020-02-28', 4, NULL),
	(226, 267, '07:14:02', '2020-02-28', 4, NULL),
	(227, 267, '07:14:02', '2020-02-28', 4, NULL),
	(228, 267, '07:14:04', '2020-02-28', 4, NULL),
	(229, 267, '07:14:04', '2020-02-28', 4, NULL),
	(230, 267, '07:14:05', '2020-02-28', 4, NULL),
	(231, 267, '07:14:06', '2020-02-28', 4, NULL),
	(232, 267, '07:14:06', '2020-02-28', 4, NULL),
	(233, 383, '07:14:10', '2020-02-28', 4, NULL),
	(234, 267, '07:15:10', '2020-02-28', 4, NULL),
	(235, 267, '07:15:10', '2020-02-28', 4, NULL),
	(236, 267, '07:15:11', '2020-02-28', 4, NULL),
	(237, 267, '07:15:13', '2020-02-28', 4, NULL),
	(238, 267, '07:15:13', '2020-02-28', 4, NULL),
	(239, 267, '07:15:14', '2020-02-28', 4, NULL),
	(240, 267, '07:15:15', '2020-02-28', 4, NULL),
	(241, 267, '07:15:16', '2020-02-28', 4, NULL),
	(242, 267, '07:15:18', '2020-02-28', 4, NULL),
	(243, 267, '07:15:20', '2020-02-28', 4, NULL),
	(244, 267, '07:15:20', '2020-02-28', 4, NULL),
	(245, 267, '07:15:21', '2020-02-28', 4, NULL),
	(246, 267, '07:15:22', '2020-02-28', 4, NULL),
	(247, 267, '07:15:23', '2020-02-28', 4, NULL),
	(248, 267, '07:15:23', '2020-02-28', 4, NULL),
	(249, 267, '07:15:25', '2020-02-28', 4, NULL),
	(250, 267, '07:15:26', '2020-02-28', 4, NULL),
	(251, 267, '07:15:26', '2020-02-28', 4, NULL),
	(252, 267, '07:15:27', '2020-02-28', 4, NULL),
	(253, 267, '07:15:28', '2020-02-28', 4, NULL),
	(254, 267, '07:15:30', '2020-02-28', 4, NULL),
	(255, 267, '07:15:31', '2020-02-28', 4, NULL),
	(256, 267, '07:15:32', '2020-02-28', 4, NULL),
	(257, 267, '07:19:05', '2020-02-28', 4, NULL),
	(258, 267, '07:19:06', '2020-02-28', 4, NULL),
	(259, 267, '07:19:07', '2020-02-28', 4, NULL),
	(260, 267, '07:19:07', '2020-02-28', 4, NULL),
	(261, 267, '07:19:09', '2020-02-28', 4, NULL),
	(262, 267, '07:19:10', '2020-02-28', 4, NULL),
	(263, 267, '07:19:10', '2020-02-28', 4, NULL),
	(264, 267, '07:19:11', '2020-02-28', 4, NULL),
	(265, 267, '07:19:12', '2020-02-28', 4, NULL),
	(266, 267, '07:19:14', '2020-02-28', 4, NULL),
	(267, 267, '07:19:14', '2020-02-28', 4, NULL),
	(268, 267, '07:19:15', '2020-02-28', 4, NULL),
	(269, 267, '07:19:17', '2020-02-28', 4, NULL),
	(270, 267, '07:19:18', '2020-02-28', 4, NULL),
	(271, 267, '07:19:18', '2020-02-28', 4, NULL),
	(272, 267, '07:19:19', '2020-02-28', 4, NULL),
	(273, 267, '07:19:20', '2020-02-28', 4, NULL),
	(274, 267, '07:19:20', '2020-02-28', 4, NULL),
	(275, 267, '07:19:21', '2020-02-28', 4, NULL),
	(276, 267, '07:19:22', '2020-02-28', 4, NULL),
	(277, 267, '07:19:23', '2020-02-28', 4, NULL),
	(278, 267, '07:19:25', '2020-02-28', 4, NULL),
	(279, 267, '07:19:25', '2020-02-28', 4, NULL),
	(280, 267, '07:19:26', '2020-02-28', 4, NULL),
	(281, 267, '07:19:28', '2020-02-28', 4, NULL),
	(282, 267, '07:19:29', '2020-02-28', 4, NULL),
	(283, 267, '07:19:31', '2020-02-28', 4, NULL),
	(284, 267, '07:19:31', '2020-02-28', 4, NULL),
	(285, 267, '07:19:33', '2020-02-28', 4, NULL),
	(286, 267, '07:19:33', '2020-02-28', 4, NULL),
	(287, 383, '07:19:34', '2020-02-28', 4, NULL),
	(288, 383, '07:34:15', '2020-02-28', 4, NULL),
	(289, 200, '07:34:16', '2020-02-28', 4, NULL),
	(290, 200, '10:10:03', '2020-02-28', 1, NULL),
	(291, 270, '10:10:04', '2020-02-28', 1, NULL),
	(292, 200, '10:10:10', '2020-02-28', 3, NULL),
	(293, 268, '10:10:11', '2020-02-28', 3, NULL),
	(294, 200, '10:10:18', '2020-02-28', 1, NULL),
	(295, 270, '10:10:19', '2020-02-28', 1, NULL),
	(296, 200, '10:10:27', '2020-02-28', 3, NULL),
	(297, 268, '10:10:28', '2020-02-28', 3, NULL),
	(298, 200, '10:10:35', '2020-02-28', 1, NULL),
	(299, 270, '10:10:36', '2020-02-28', 1, NULL),
	(300, 200, '10:10:40', '2020-02-28', 3, NULL),
	(301, 268, '10:10:41', '2020-02-28', 3, NULL),
	(302, 268, '10:10:41', '2020-02-28', 3, NULL),
	(303, 382, '10:10:48', '2020-02-28', 1, NULL),
	(304, 200, '10:10:48', '2020-02-28', 1, NULL),
	(305, 200, '10:11:51', '2020-02-28', 3, NULL),
	(306, 268, '10:11:52', '2020-02-28', 3, NULL),
	(307, 200, '10:11:55', '2020-02-28', 1, NULL),
	(308, 270, '10:11:56', '2020-02-28', 1, NULL),
	(309, 200, '10:12:03', '2020-02-28', 3, NULL),
	(310, 200, '10:12:09', '2020-02-28', 1, NULL),
	(311, 270, '10:12:11', '2020-02-28', 1, NULL),
	(312, 200, '10:22:19', '2020-02-28', 3, NULL),
	(313, 268, '10:22:20', '2020-02-28', 3, NULL),
	(314, 200, '11:18:53', '2020-02-28', 1, NULL),
	(315, 200, '11:18:53', '2020-02-28', 1, NULL),
	(316, 270, '11:18:53', '2020-02-28', 1, NULL),
	(317, 270, '11:18:54', '2020-02-28', 1, NULL),
	(318, 382, '12:34:34', '2020-02-28', 3, NULL),
	(319, 383, '12:34:35', '2020-02-28', 3, NULL),
	(320, 200, '12:35:38', '2020-02-28', 3, NULL),
	(321, 200, '12:35:38', '2020-02-28', 3, NULL),
	(322, 200, '13:48:25', '2020-02-28', 1, NULL),
	(323, 270, '13:48:26', '2020-02-28', 1, NULL),
	(324, 270, '13:48:26', '2020-02-28', 1, NULL),
	(325, 268, '09:08:11', '2020-03-03', 3, NULL),
	(326, 200, '09:08:12', '2020-03-03', 3, NULL),
	(327, 200, '09:08:12', '2020-03-03', 3, NULL),
	(328, 268, '09:08:14', '2020-03-03', 3, NULL),
	(329, 267, '11:30:55', '2020-03-03', 1, NULL),
	(330, 267, '11:30:55', '2020-03-03', 1, NULL),
	(331, 267, '11:30:56', '2020-03-03', 1, NULL),
	(332, 267, '11:30:58', '2020-03-03', 1, NULL),
	(333, 267, '11:30:58', '2020-03-03', 1, NULL),
	(334, 267, '11:31:00', '2020-03-03', 1, NULL),
	(335, 267, '11:31:02', '2020-03-03', 1, NULL),
	(336, 267, '11:31:03', '2020-03-03', 1, NULL),
	(337, 267, '11:31:03', '2020-03-03', 1, NULL),
	(338, 267, '11:31:03', '2020-03-03', 1, NULL),
	(339, 267, '11:31:05', '2020-03-03', 1, NULL),
	(340, 267, '11:31:06', '2020-03-03', 1, NULL),
	(341, 267, '11:31:06', '2020-03-03', 1, NULL),
	(342, 267, '11:31:07', '2020-03-03', 1, NULL),
	(343, 267, '11:31:09', '2020-03-03', 1, NULL),
	(344, 267, '11:31:09', '2020-03-03', 1, NULL),
	(345, 382, '11:31:14', '2020-03-03', 1, NULL),
	(346, 383, '11:31:14', '2020-03-03', 1, NULL),
	(347, 383, '11:31:15', '2020-03-03', 1, NULL),
	(348, 267, '11:51:24', '2020-03-03', 1, NULL),
	(349, 267, '11:51:24', '2020-03-03', 1, NULL),
	(350, 267, '11:51:24', '2020-03-03', 1, NULL),
	(351, 267, '11:51:26', '2020-03-03', 1, NULL),
	(352, 267, '11:51:28', '2020-03-03', 1, NULL),
	(353, 267, '11:51:29', '2020-03-03', 1, NULL),
	(354, 267, '11:51:30', '2020-03-03', 1, NULL),
	(355, 267, '11:51:32', '2020-03-03', 1, NULL),
	(356, 267, '11:51:32', '2020-03-03', 1, NULL),
	(357, 267, '11:51:33', '2020-03-03', 1, NULL),
	(358, 267, '11:51:33', '2020-03-03', 1, NULL),
	(359, 267, '11:51:35', '2020-03-03', 1, NULL),
	(360, 267, '11:51:37', '2020-03-03', 1, NULL),
	(361, 267, '11:51:38', '2020-03-03', 1, NULL),
	(362, 267, '11:51:38', '2020-03-03', 1, NULL),
	(363, 267, '11:51:38', '2020-03-03', 1, NULL),
	(364, 267, '11:51:38', '2020-03-03', 1, NULL),
	(365, 267, '11:51:41', '2020-03-03', 1, NULL),
	(366, 267, '11:51:41', '2020-03-03', 1, NULL),
	(367, 383, '11:51:43', '2020-03-03', 1, NULL),
	(368, 383, '11:51:43', '2020-03-03', 1, NULL),
	(369, 267, '11:54:22', '2020-03-03', 1, NULL),
	(370, 267, '11:54:24', '2020-03-03', 1, NULL),
	(371, 267, '11:54:25', '2020-03-03', 1, NULL),
	(372, 267, '11:54:26', '2020-03-03', 1, NULL),
	(373, 267, '11:54:26', '2020-03-03', 1, NULL),
	(374, 267, '11:54:26', '2020-03-03', 1, NULL),
	(375, 267, '11:54:28', '2020-03-03', 1, NULL),
	(376, 267, '11:54:29', '2020-03-03', 1, NULL),
	(377, 267, '11:54:33', '2020-03-03', 1, NULL),
	(378, 267, '11:54:33', '2020-03-03', 1, NULL),
	(379, 267, '11:54:34', '2020-03-03', 1, NULL),
	(380, 267, '11:54:35', '2020-03-03', 1, NULL),
	(381, 267, '11:54:36', '2020-03-03', 1, NULL),
	(382, 267, '11:54:38', '2020-03-03', 1, NULL),
	(383, 267, '11:54:42', '2020-03-03', 1, NULL),
	(384, 267, '11:54:44', '2020-03-03', 1, NULL),
	(385, 267, '11:54:49', '2020-03-03', 1, NULL),
	(386, 267, '11:54:50', '2020-03-03', 1, NULL),
	(387, 267, '11:54:51', '2020-03-03', 1, NULL),
	(388, 383, '11:54:51', '2020-03-03', 1, NULL),
	(389, 383, '11:55:03', '2020-03-03', 1, NULL),
	(390, 200, '11:55:55', '2020-03-03', 1, NULL),
	(391, 200, '11:55:56', '2020-03-03', 1, NULL),
	(392, 200, '15:56:20', '2020-03-04', 3, NULL),
	(393, 267, '15:59:32', '2020-03-04', 1, NULL),
	(394, 267, '15:59:33', '2020-03-04', 1, NULL),
	(395, 267, '15:59:34', '2020-03-04', 1, NULL),
	(396, 267, '15:59:35', '2020-03-04', 1, NULL),
	(397, 267, '15:59:41', '2020-03-04', 1, NULL),
	(398, 267, '15:59:42', '2020-03-04', 1, NULL),
	(399, 267, '15:59:44', '2020-03-04', 1, NULL),
	(400, 267, '15:59:56', '2020-03-04', 1, NULL),
	(401, 383, '15:59:57', '2020-03-04', 1, NULL),
	(402, 267, '16:01:05', '2020-03-04', 1, NULL),
	(403, 267, '16:01:15', '2020-03-04', 1, NULL),
	(404, 267, '16:01:16', '2020-03-04', 1, NULL),
	(405, 267, '16:01:18', '2020-03-04', 1, NULL),
	(406, 267, '16:01:19', '2020-03-04', 1, NULL),
	(407, 267, '16:01:20', '2020-03-04', 1, NULL),
	(408, 383, '16:01:29', '2020-03-04', 1, NULL),
	(409, 267, '16:25:40', '2020-03-04', 1, NULL),
	(410, 267, '16:25:43', '2020-03-04', 1, NULL),
	(411, 267, '16:25:44', '2020-03-04', 1, NULL),
	(412, 267, '16:25:46', '2020-03-04', 1, NULL),
	(413, 267, '16:25:47', '2020-03-04', 1, NULL),
	(414, 267, '16:25:49', '2020-03-04', 1, NULL),
	(415, 267, '16:25:50', '2020-03-04', 1, NULL),
	(416, 267, '16:25:52', '2020-03-04', 1, NULL),
	(417, 267, '16:25:57', '2020-03-04', 1, NULL),
	(418, 267, '16:25:58', '2020-03-04', 1, NULL),
	(419, 267, '16:25:59', '2020-03-04', 1, NULL),
	(420, 267, '16:26:01', '2020-03-04', 1, NULL),
	(421, 267, '16:26:02', '2020-03-04', 1, NULL),
	(422, 382, '16:26:03', '2020-03-04', 1, NULL),
	(423, 383, '16:26:03', '2020-03-04', 1, NULL),
	(424, 267, '16:27:06', '2020-03-04', 1, NULL),
	(425, 267, '16:27:07', '2020-03-04', 1, NULL),
	(426, 267, '16:27:10', '2020-03-04', 1, NULL),
	(427, 267, '16:27:12', '2020-03-04', 1, NULL),
	(428, 267, '16:27:13', '2020-03-04', 1, NULL),
	(429, 267, '16:27:14', '2020-03-04', 1, NULL),
	(430, 267, '16:27:15', '2020-03-04', 1, NULL),
	(431, 106, '16:27:15', '2020-03-04', 1, NULL),
	(432, 267, '16:27:17', '2020-03-04', 1, NULL),
	(433, 267, '16:27:19', '2020-03-04', 1, NULL),
	(434, 267, '16:27:20', '2020-03-04', 1, NULL),
	(435, 267, '16:27:21', '2020-03-04', 1, NULL),
	(436, 267, '16:27:23', '2020-03-04', 1, NULL),
	(437, 267, '16:27:24', '2020-03-04', 1, NULL),
	(438, 267, '16:27:26', '2020-03-04', 1, NULL),
	(439, 267, '16:27:27', '2020-03-04', 1, NULL),
	(440, 106, '16:27:28', '2020-03-04', 1, NULL),
	(441, 267, '16:27:28', '2020-03-04', 1, NULL),
	(442, 267, '16:27:30', '2020-03-04', 1, NULL),
	(443, 383, '16:27:32', '2020-03-04', 1, NULL),
	(444, 106, '16:28:34', '2020-03-04', 1, NULL),
	(445, 267, '16:28:34', '2020-03-04', 1, NULL),
	(446, 267, '16:28:36', '2020-03-04', 1, NULL),
	(447, 267, '16:28:36', '2020-03-04', 1, NULL),
	(448, 267, '16:28:37', '2020-03-04', 1, NULL),
	(449, 267, '16:28:38', '2020-03-04', 1, NULL),
	(450, 267, '16:28:39', '2020-03-04', 1, NULL),
	(451, 267, '16:28:41', '2020-03-04', 1, NULL),
	(452, 106, '16:28:41', '2020-03-04', 1, NULL),
	(453, 267, '16:28:45', '2020-03-04', 1, NULL),
	(454, 106, '16:28:51', '2020-03-04', 1, NULL),
	(455, 267, '16:28:51', '2020-03-04', 1, NULL),
	(456, 267, '16:30:08', '2020-03-04', 1, NULL),
	(457, 267, '16:30:09', '2020-03-04', 1, NULL),
	(458, 267, '16:30:10', '2020-03-04', 1, NULL),
	(459, 267, '16:30:12', '2020-03-04', 1, NULL),
	(460, 267, '16:30:14', '2020-03-04', 1, NULL),
	(461, 267, '16:30:14', '2020-03-04', 1, NULL),
	(462, 267, '16:30:15', '2020-03-04', 1, NULL),
	(463, 267, '16:30:16', '2020-03-04', 1, NULL),
	(464, 267, '16:30:17', '2020-03-04', 1, NULL),
	(465, 267, '16:30:19', '2020-03-04', 1, NULL),
	(466, 267, '16:30:20', '2020-03-04', 1, NULL),
	(467, 267, '16:30:21', '2020-03-04', 1, NULL),
	(468, 267, '16:30:24', '2020-03-04', 1, NULL),
	(469, 267, '16:31:54', '2020-03-04', 1, NULL),
	(470, 267, '16:31:56', '2020-03-04', 1, NULL),
	(471, 267, '16:31:57', '2020-03-04', 1, NULL),
	(472, 267, '16:32:04', '2020-03-04', 1, NULL),
	(473, 267, '16:32:08', '2020-03-04', 1, NULL),
	(474, 267, '16:32:09', '2020-03-04', 1, NULL),
	(475, 267, '16:32:10', '2020-03-04', 1, NULL),
	(476, 267, '16:32:13', '2020-03-04', 1, NULL),
	(477, 267, '16:32:17', '2020-03-04', 1, NULL),
	(478, 267, '16:32:17', '2020-03-04', 1, NULL),
	(479, 106, '16:33:21', '2020-03-04', 1, NULL),
	(480, 267, '16:33:21', '2020-03-04', 1, NULL),
	(481, 267, '16:33:23', '2020-03-04', 1, NULL),
	(482, 267, '16:33:28', '2020-03-04', 1, NULL),
	(483, 267, '16:33:29', '2020-03-04', 1, NULL),
	(484, 267, '16:33:30', '2020-03-04', 1, NULL),
	(485, 267, '16:33:31', '2020-03-04', 1, NULL),
	(486, 267, '16:33:32', '2020-03-04', 1, NULL),
	(487, 267, '16:33:33', '2020-03-04', 1, NULL),
	(488, 267, '16:33:36', '2020-03-04', 1, NULL),
	(489, 267, '16:33:37', '2020-03-04', 1, NULL),
	(490, 267, '16:33:40', '2020-03-04', 1, NULL),
	(491, 267, '16:33:42', '2020-03-04', 1, NULL),
	(492, 267, '16:33:43', '2020-03-04', 1, NULL),
	(493, 106, '16:34:47', '2020-03-04', 1, NULL),
	(494, 267, '16:34:47', '2020-03-04', 1, NULL),
	(495, 267, '16:34:48', '2020-03-04', 1, NULL),
	(496, 267, '16:34:49', '2020-03-04', 1, NULL),
	(497, 267, '16:34:51', '2020-03-04', 1, NULL),
	(498, 267, '16:34:51', '2020-03-04', 1, NULL),
	(499, 267, '16:34:52', '2020-03-04', 1, NULL),
	(500, 267, '16:34:53', '2020-03-04', 1, NULL),
	(501, 267, '16:34:54', '2020-03-04', 1, NULL),
	(502, 267, '16:36:46', '2020-03-04', 1, NULL),
	(503, 267, '16:36:47', '2020-03-04', 1, NULL),
	(504, 106, '16:36:49', '2020-03-04', 1, NULL),
	(505, 267, '16:36:49', '2020-03-04', 1, NULL),
	(506, 267, '16:36:50', '2020-03-04', 1, NULL),
	(507, 267, '16:36:51', '2020-03-04', 1, NULL),
	(508, 267, '16:36:53', '2020-03-04', 1, NULL),
	(509, 267, '16:36:54', '2020-03-04', 1, NULL),
	(510, 267, '16:36:54', '2020-03-04', 1, NULL),
	(511, 267, '16:36:56', '2020-03-04', 1, NULL),
	(512, 106, '16:36:56', '2020-03-04', 1, NULL),
	(513, 267, '16:36:57', '2020-03-04', 1, NULL),
	(514, 267, '16:36:59', '2020-03-04', 1, NULL),
	(515, 267, '16:36:59', '2020-03-04', 1, NULL),
	(516, 267, '16:37:00', '2020-03-04', 1, NULL),
	(517, 267, '16:37:01', '2020-03-04', 1, NULL),
	(518, 267, '16:37:02', '2020-03-04', 1, NULL),
	(519, 267, '16:37:03', '2020-03-04', 1, NULL),
	(520, 267, '16:37:05', '2020-03-04', 1, NULL),
	(521, 106, '16:37:05', '2020-03-04', 1, NULL),
	(522, 267, '16:37:06', '2020-03-04', 1, NULL),
	(523, 267, '16:37:08', '2020-03-04', 1, NULL),
	(524, 382, '16:37:08', '2020-03-04', 1, NULL),
	(525, 267, '16:40:19', '2020-03-04', 1, NULL),
	(526, 267, '16:40:20', '2020-03-04', 1, NULL),
	(527, 267, '16:40:25', '2020-03-04', 1, NULL),
	(528, 267, '16:40:26', '2020-03-04', 1, NULL),
	(529, 267, '16:40:27', '2020-03-04', 1, NULL),
	(530, 106, '16:40:27', '2020-03-04', 1, NULL),
	(531, 267, '16:40:30', '2020-03-04', 1, NULL),
	(532, 267, '16:40:30', '2020-03-04', 1, NULL),
	(533, 267, '16:40:31', '2020-03-04', 1, NULL),
	(534, 267, '16:40:33', '2020-03-04', 1, NULL),
	(535, 382, '16:40:35', '2020-03-04', 1, NULL),
	(536, 383, '16:40:36', '2020-03-04', 1, NULL),
	(537, 267, '16:41:38', '2020-03-04', 1, NULL),
	(538, 106, '16:41:38', '2020-03-04', 1, NULL),
	(539, 267, '16:41:39', '2020-03-04', 1, NULL),
	(540, 267, '16:41:41', '2020-03-04', 1, NULL),
	(541, 267, '16:41:41', '2020-03-04', 1, NULL),
	(542, 267, '16:41:44', '2020-03-04', 1, NULL),
	(543, 267, '16:41:44', '2020-03-04', 1, NULL),
	(544, 267, '16:41:46', '2020-03-04', 1, NULL),
	(545, 267, '16:41:48', '2020-03-04', 1, NULL),
	(546, 267, '16:41:50', '2020-03-04', 1, NULL),
	(547, 267, '16:41:51', '2020-03-04', 1, NULL),
	(548, 267, '16:41:51', '2020-03-04', 1, NULL),
	(549, 106, '16:41:51', '2020-03-04', 1, NULL),
	(550, 267, '16:41:54', '2020-03-04', 1, NULL),
	(551, 267, '16:41:55', '2020-03-04', 1, NULL),
	(552, 267, '16:41:57', '2020-03-04', 1, NULL),
	(553, 267, '16:41:58', '2020-03-04', 1, NULL),
	(554, 106, '16:41:58', '2020-03-04', 1, NULL),
	(555, 267, '16:41:59', '2020-03-04', 1, NULL),
	(556, 267, '16:42:02', '2020-03-04', 1, NULL),
	(557, 383, '16:42:02', '2020-03-04', 1, NULL),
	(558, 383, '16:42:02', '2020-03-04', 1, NULL),
	(559, 267, '16:50:59', '2020-03-04', 1, NULL),
	(560, 267, '17:01:43', '2020-03-04', 1, NULL),
	(561, 267, '17:01:44', '2020-03-04', 1, NULL),
	(562, 267, '17:01:45', '2020-03-04', 1, NULL),
	(563, 267, '17:01:46', '2020-03-04', 1, NULL),
	(564, 267, '17:01:47', '2020-03-04', 1, NULL),
	(565, 267, '17:01:48', '2020-03-04', 1, NULL),
	(566, 267, '17:01:49', '2020-03-04', 1, NULL),
	(567, 267, '17:01:50', '2020-03-04', 1, NULL),
	(568, 267, '17:01:51', '2020-03-04', 1, NULL),
	(569, 267, '17:01:52', '2020-03-04', 1, NULL),
	(570, 267, '17:01:53', '2020-03-04', 1, NULL),
	(571, 267, '17:01:54', '2020-03-04', 1, NULL),
	(572, 267, '17:01:55', '2020-03-04', 1, NULL),
	(573, 267, '17:01:56', '2020-03-04', 1, NULL),
	(574, 267, '17:01:57', '2020-03-04', 1, NULL),
	(575, 267, '17:01:58', '2020-03-04', 1, NULL),
	(576, 267, '17:01:59', '2020-03-04', 1, NULL),
	(577, 267, '17:02:00', '2020-03-04', 1, NULL),
	(578, 267, '17:02:01', '2020-03-04', 1, NULL),
	(579, 383, '17:02:02', '2020-03-04', 1, NULL),
	(580, 383, '17:02:03', '2020-03-04', 1, NULL),
	(581, 267, '17:03:04', '2020-03-04', 1, NULL),
	(582, 267, '17:03:08', '2020-03-04', 1, NULL),
	(583, 267, '17:03:10', '2020-03-04', 1, NULL),
	(584, 267, '17:03:11', '2020-03-04', 1, NULL),
	(585, 106, '17:03:11', '2020-03-04', 1, NULL),
	(586, 267, '17:03:14', '2020-03-04', 1, NULL),
	(587, 106, '17:03:15', '2020-03-04', 1, NULL),
	(588, 267, '17:03:15', '2020-03-04', 1, NULL),
	(589, 267, '17:03:17', '2020-03-04', 1, NULL),
	(590, 267, '17:03:19', '2020-03-04', 1, NULL),
	(591, 106, '17:03:20', '2020-03-04', 1, NULL),
	(592, 267, '17:03:20', '2020-03-04', 1, NULL),
	(593, 267, '17:03:22', '2020-03-04', 1, NULL),
	(594, 267, '17:03:24', '2020-03-04', 1, NULL),
	(595, 267, '17:03:25', '2020-03-04', 1, NULL),
	(596, 267, '17:03:26', '2020-03-04', 1, NULL),
	(597, 383, '17:03:27', '2020-03-04', 1, NULL),
	(598, 267, '17:09:02', '2020-03-04', 1, NULL),
	(599, 267, '17:09:03', '2020-03-04', 1, NULL),
	(600, 267, '17:09:04', '2020-03-04', 1, NULL),
	(601, 267, '17:09:06', '2020-03-04', 1, NULL),
	(602, 267, '17:09:08', '2020-03-04', 1, NULL),
	(603, 106, '17:09:11', '2020-03-04', 1, NULL),
	(604, 267, '17:09:11', '2020-03-04', 1, NULL),
	(605, 267, '17:09:12', '2020-03-04', 1, NULL),
	(606, 267, '17:09:16', '2020-03-04', 1, NULL),
	(607, 267, '17:09:18', '2020-03-04', 1, NULL),
	(608, 267, '17:09:19', '2020-03-04', 1, NULL),
	(609, 267, '17:09:21', '2020-03-04', 1, NULL),
	(610, 267, '17:09:22', '2020-03-04', 1, NULL),
	(611, 382, '17:09:23', '2020-03-04', 1, NULL),
	(612, 267, '17:09:23', '2020-03-04', 1, NULL),
	(613, 383, '17:09:24', '2020-03-04', 1, NULL),
	(614, 267, '17:10:48', '2020-03-04', 1, NULL),
	(615, 267, '17:10:54', '2020-03-04', 1, NULL),
	(616, 267, '17:12:00', '2020-03-04', 1, NULL),
	(617, 267, '17:12:04', '2020-03-04', 1, NULL),
	(618, 267, '17:12:09', '2020-03-04', 1, NULL),
	(619, 267, '17:12:16', '2020-03-04', 1, NULL),
	(620, 267, '17:12:21', '2020-03-04', 1, NULL),
	(621, 267, '17:12:23', '2020-03-04', 1, NULL),
	(622, 267, '17:12:25', '2020-03-04', 1, NULL),
	(623, 383, '17:12:26', '2020-03-04', 1, NULL),
	(624, 267, '17:13:29', '2020-03-04', 1, NULL),
	(625, 267, '17:13:30', '2020-03-04', 1, NULL),
	(626, 267, '17:13:33', '2020-03-04', 1, NULL),
	(627, 267, '17:13:35', '2020-03-04', 1, NULL),
	(628, 267, '17:15:09', '2020-03-04', 1, NULL),
	(629, 267, '17:15:11', '2020-03-04', 1, NULL),
	(630, 267, '17:15:16', '2020-03-04', 1, NULL),
	(631, 267, '17:15:19', '2020-03-04', 1, NULL),
	(632, 267, '17:15:19', '2020-03-04', 1, NULL),
	(633, 267, '17:15:22', '2020-03-04', 1, NULL),
	(634, 267, '17:15:24', '2020-03-04', 1, NULL),
	(635, 106, '17:15:25', '2020-03-04', 1, NULL),
	(636, 267, '17:15:25', '2020-03-04', 1, NULL),
	(637, 200, '17:31:24', '2020-03-04', 1, NULL),
	(638, 200, '20:56:58', '2020-03-04', 3, NULL),
	(639, 268, '20:57:01', '2020-03-04', 3, NULL),
	(640, 200, '21:59:53', '2020-03-04', 1, NULL),
	(641, 200, '23:48:02', '2020-03-04', 3, NULL),
	(642, 200, '00:36:05', '2020-03-05', 1, NULL),
	(643, 200, '05:18:36', '2020-03-05', 3, NULL),
	(644, 200, '07:57:03', '2020-03-05', 1, NULL),
	(645, 267, '07:57:10', '2020-03-05', 3, NULL),
	(646, 200, '09:25:36', '2020-03-05', 3, NULL),
	(647, 268, '09:25:36', '2020-03-05', 3, NULL),
	(648, 106, '09:25:38', '2020-03-05', 1, NULL),
	(649, 268, '09:25:38', '2020-03-05', 3, NULL),
	(650, 267, '09:25:41', '2020-03-05', 1, NULL),
	(651, 200, '09:25:48', '2020-03-05', 1, NULL),
	(652, 200, '09:39:31', '2020-03-05', 3, NULL),
	(653, 200, '09:41:15', '2020-03-05', 1, NULL),
	(654, 200, '12:18:01', '2020-03-06', 3, NULL),
	(655, 383, '13:09:11', '2020-03-06', 1, NULL),
	(656, 267, '13:11:06', '2020-03-06', 1, NULL),
	(657, 267, '13:11:57', '2020-03-06', 1, NULL),
	(658, 383, '13:12:06', '2020-03-06', 1, NULL),
	(659, 267, '13:22:50', '2020-03-06', 1, NULL),
	(660, 267, '13:23:08', '2020-03-06', 1, NULL),
	(661, 267, '14:22:03', '2020-03-06', 1, NULL),
	(662, 267, '14:23:14', '2020-03-06', 1, NULL),
	(663, 267, '14:23:37', '2020-03-06', 1, NULL),
	(664, 267, '14:26:19', '2020-03-06', 1, NULL),
	(665, 267, '14:26:33', '2020-03-06', 1, NULL),
	(666, 267, '15:09:41', '2020-03-06', 1, NULL),
	(667, 267, '15:09:44', '2020-03-06', 1, NULL),
	(668, 267, '15:10:06', '2020-03-06', 1, NULL),
	(669, 267, '15:10:09', '2020-03-06', 1, NULL),
	(670, 267, '15:18:41', '2020-03-06', 1, NULL),
	(671, 200, '15:26:06', '2020-03-06', 1, NULL),
	(672, 268, '16:27:04', '2020-03-06', 3, NULL),
	(673, 200, '16:27:04', '2020-03-06', 3, NULL),
	(674, 200, '17:22:27', '2020-03-06', 1, NULL),
	(675, 268, '12:51:11', '2020-03-07', 4, NULL),
	(676, 200, '12:51:11', '2020-03-07', 4, NULL),
	(677, 303, '12:51:14', '2020-03-07', 1, NULL),
	(678, 200, '12:51:17', '2020-03-07', 1, NULL),
	(679, 200, '13:46:43', '2020-03-07', 4, NULL),
	(680, 267, '20:31:11', '2020-03-07', 1, NULL),
	(681, 267, '20:31:15', '2020-03-07', 1, NULL),
	(682, 267, '20:31:16', '2020-03-07', 1, NULL),
	(683, 267, '20:31:21', '2020-03-07', 1, NULL),
	(684, 267, '20:31:24', '2020-03-07', 1, NULL),
	(685, 267, '20:31:27', '2020-03-07', 1, NULL),
	(686, 267, '20:31:28', '2020-03-07', 1, NULL),
	(687, 267, '20:31:32', '2020-03-07', 1, NULL),
	(688, 267, '20:39:11', '2020-03-07', 1, NULL),
	(689, 267, '20:39:12', '2020-03-07', 1, NULL),
	(690, 267, '20:39:21', '2020-03-07', 1, NULL),
	(691, 267, '20:39:22', '2020-03-07', 1, NULL),
	(692, 267, '20:39:24', '2020-03-07', 1, NULL),
	(693, 267, '20:39:26', '2020-03-07', 1, NULL),
	(694, 267, '20:40:42', '2020-03-07', 1, NULL),
	(695, 267, '20:40:45', '2020-03-07', 1, NULL),
	(696, 267, '20:40:50', '2020-03-07', 1, NULL),
	(697, 267, '20:41:04', '2020-03-07', 1, NULL),
	(698, 267, '20:41:15', '2020-03-07', 1, NULL),
	(699, 267, '20:41:18', '2020-03-07', 1, NULL),
	(700, 267, '20:41:31', '2020-03-07', 1, NULL),
	(701, 267, '20:41:33', '2020-03-07', 1, NULL),
	(702, 267, '20:41:36', '2020-03-07', 1, NULL),
	(703, 267, '20:41:42', '2020-03-07', 1, NULL),
	(704, 267, '20:41:47', '2020-03-07', 1, NULL),
	(705, 267, '20:57:51', '2020-03-07', 1, NULL),
	(706, 267, '20:57:54', '2020-03-07', 1, NULL),
	(707, 267, '20:57:57', '2020-03-07', 1, NULL),
	(708, 267, '20:58:07', '2020-03-07', 1, NULL),
	(709, 267, '20:58:10', '2020-03-07', 1, NULL),
	(710, 267, '20:58:21', '2020-03-07', 1, NULL),
	(711, 267, '20:58:34', '2020-03-07', 1, NULL),
	(712, 267, '20:58:45', '2020-03-07', 1, NULL),
	(713, 267, '20:58:48', '2020-03-07', 1, NULL),
	(714, 267, '20:58:57', '2020-03-07', 1, NULL),
	(715, 267, '20:59:01', '2020-03-07', 1, NULL),
	(716, 267, '20:59:07', '2020-03-07', 1, NULL),
	(717, 106, '20:59:07', '2020-03-07', 1, NULL),
	(718, 267, '20:59:11', '2020-03-07', 1, NULL),
	(719, 267, '20:59:15', '2020-03-07', 1, NULL),
	(720, 267, '20:59:18', '2020-03-07', 1, NULL),
	(721, 267, '21:00:23', '2020-03-07', 1, NULL),
	(722, 267, '21:00:31', '2020-03-07', 1, NULL),
	(723, 267, '21:00:41', '2020-03-07', 1, NULL),
	(724, 267, '21:00:52', '2020-03-07', 1, NULL),
	(725, 106, '21:00:58', '2020-03-07', 1, NULL),
	(726, 267, '21:00:58', '2020-03-07', 1, NULL),
	(727, 267, '21:01:03', '2020-03-07', 1, NULL),
	(728, 267, '21:01:07', '2020-03-07', 1, NULL),
	(729, 267, '21:01:12', '2020-03-07', 1, NULL),
	(730, 267, '21:01:15', '2020-03-07', 1, NULL),
	(731, 267, '21:01:22', '2020-03-07', 1, NULL),
	(732, 267, '21:01:29', '2020-03-07', 1, NULL),
	(733, 267, '21:01:31', '2020-03-07', 1, NULL),
	(734, 267, '21:01:39', '2020-03-07', 1, NULL),
	(735, 267, '21:01:44', '2020-03-07', 1, NULL),
	(736, 267, '21:06:21', '2020-03-07', 1, NULL),
	(737, 382, '21:06:21', '2020-03-07', 1, NULL),
	(738, 267, '21:07:29', '2020-03-07', 1, NULL),
	(739, 267, '21:07:32', '2020-03-07', 1, NULL),
	(740, 267, '21:07:50', '2020-03-07', 1, NULL),
	(741, 267, '21:07:53', '2020-03-07', 1, NULL),
	(742, 267, '21:08:02', '2020-03-07', 1, NULL),
	(743, 267, '21:08:08', '2020-03-07', 1, NULL),
	(744, 267, '21:08:14', '2020-03-07', 1, NULL),
	(745, 267, '21:08:23', '2020-03-07', 1, NULL),
	(746, 267, '21:08:29', '2020-03-07', 1, NULL),
	(747, 267, '21:08:59', '2020-03-07', 1, NULL),
	(748, 383, '21:09:02', '2020-03-07', 1, NULL),
	(749, 267, '21:10:22', '2020-03-07', 1, NULL),
	(750, 267, '21:10:27', '2020-03-07', 1, NULL),
	(751, 267, '21:10:30', '2020-03-07', 1, NULL),
	(752, 267, '21:10:54', '2020-03-07', 1, NULL),
	(753, 267, '21:10:57', '2020-03-07', 1, NULL),
	(754, 267, '21:10:59', '2020-03-07', 1, NULL),
	(755, 267, '21:11:06', '2020-03-07', 1, NULL),
	(756, 267, '21:11:12', '2020-03-07', 1, NULL),
	(757, 267, '21:11:18', '2020-03-07', 1, NULL),
	(758, 267, '21:11:24', '2020-03-07', 1, NULL),
	(759, 267, '21:11:37', '2020-03-07', 1, NULL),
	(760, 267, '21:11:46', '2020-03-07', 1, NULL),
	(761, 267, '21:11:51', '2020-03-07', 1, NULL),
	(762, 267, '21:13:00', '2020-03-07', 1, NULL),
	(763, 267, '21:13:08', '2020-03-07', 1, NULL),
	(764, 267, '21:13:13', '2020-03-07', 1, NULL),
	(765, 267, '21:13:23', '2020-03-07', 1, NULL),
	(766, 267, '21:13:26', '2020-03-07', 1, NULL),
	(767, 267, '21:13:30', '2020-03-07', 1, NULL),
	(768, 267, '21:13:31', '2020-03-07', 1, NULL),
	(769, 267, '21:13:38', '2020-03-07', 1, NULL),
	(770, 267, '21:13:41', '2020-03-07', 1, NULL),
	(771, 267, '21:13:46', '2020-03-07', 1, NULL),
	(772, 267, '21:13:52', '2020-03-07', 1, NULL),
	(773, 267, '21:13:56', '2020-03-07', 1, NULL),
	(774, 267, '21:13:59', '2020-03-07', 1, NULL),
	(775, 267, '21:14:05', '2020-03-07', 1, NULL),
	(776, 267, '21:15:11', '2020-03-07', 1, NULL),
	(777, 267, '21:15:16', '2020-03-07', 1, NULL),
	(778, 267, '21:15:22', '2020-03-07', 1, NULL),
	(779, 267, '21:15:25', '2020-03-07', 1, NULL),
	(780, 267, '21:15:34', '2020-03-07', 1, NULL),
	(781, 267, '21:15:36', '2020-03-07', 1, NULL),
	(782, 267, '21:15:41', '2020-03-07', 1, NULL),
	(783, 267, '21:15:46', '2020-03-07', 1, NULL),
	(784, 267, '21:15:50', '2020-03-07', 1, NULL),
	(785, 267, '21:15:54', '2020-03-07', 1, NULL),
	(786, 267, '21:15:57', '2020-03-07', 1, NULL),
	(787, 267, '21:15:59', '2020-03-07', 1, NULL),
	(788, 267, '21:17:10', '2020-03-07', 1, NULL),
	(789, 267, '21:17:11', '2020-03-07', 1, NULL),
	(790, 267, '21:17:26', '2020-03-07', 1, NULL),
	(791, 267, '21:17:34', '2020-03-07', 1, NULL),
	(792, 267, '21:17:39', '2020-03-07', 1, NULL),
	(793, 267, '21:17:46', '2020-03-07', 1, NULL),
	(794, 267, '21:17:58', '2020-03-07', 1, NULL),
	(795, 267, '21:18:01', '2020-03-07', 1, NULL),
	(796, 267, '21:18:04', '2020-03-07', 1, NULL),
	(797, 267, '21:18:16', '2020-03-07', 1, NULL),
	(798, 267, '21:18:23', '2020-03-07', 1, NULL),
	(799, 267, '21:18:26', '2020-03-07', 1, NULL),
	(800, 267, '21:18:29', '2020-03-07', 1, NULL),
	(801, 267, '21:18:37', '2020-03-07', 1, NULL),
	(802, 267, '21:18:41', '2020-03-07', 1, NULL),
	(803, 382, '21:18:44', '2020-03-07', 1, NULL),
	(804, 267, '21:19:50', '2020-03-07', 1, NULL),
	(805, 267, '21:19:55', '2020-03-07', 1, NULL),
	(806, 267, '21:20:04', '2020-03-07', 1, NULL),
	(807, 267, '21:20:08', '2020-03-07', 1, NULL),
	(808, 267, '21:20:17', '2020-03-07', 1, NULL),
	(809, 267, '21:20:20', '2020-03-07', 1, NULL),
	(810, 267, '21:20:25', '2020-03-07', 1, NULL),
	(811, 267, '21:20:32', '2020-03-07', 1, NULL),
	(812, 267, '01:06:39', '2020-03-08', 1, NULL),
	(813, 267, '01:06:44', '2020-03-08', 1, NULL),
	(814, 267, '01:06:51', '2020-03-08', 1, NULL),
	(815, 267, '01:07:00', '2020-03-08', 1, NULL),
	(816, 267, '01:07:08', '2020-03-08', 1, NULL),
	(817, 267, '01:07:15', '2020-03-08', 1, NULL),
	(818, 267, '01:07:19', '2020-03-08', 1, NULL),
	(819, 267, '01:07:24', '2020-03-08', 1, NULL),
	(820, 267, '01:08:15', '2020-03-08', 1, NULL),
	(821, 267, '01:08:19', '2020-03-08', 1, NULL),
	(822, 267, '01:08:23', '2020-03-08', 1, NULL),
	(823, 267, '01:08:27', '2020-03-08', 1, NULL),
	(824, 267, '01:08:36', '2020-03-08', 1, NULL),
	(825, 267, '01:08:39', '2020-03-08', 1, NULL),
	(826, 267, '01:08:44', '2020-03-08', 1, NULL),
	(827, 267, '01:08:52', '2020-03-08', 1, NULL),
	(828, 267, '01:08:55', '2020-03-08', 1, NULL),
	(829, 267, '01:09:00', '2020-03-08', 1, NULL),
	(830, 267, '01:09:03', '2020-03-08', 1, NULL),
	(831, 267, '01:09:07', '2020-03-08', 1, NULL),
	(832, 267, '01:09:12', '2020-03-08', 1, NULL),
	(833, 267, '01:09:16', '2020-03-08', 1, NULL),
	(834, 267, '01:09:20', '2020-03-08', 1, NULL),
	(835, 267, '01:09:27', '2020-03-08', 1, NULL),
	(836, 267, '01:09:32', '2020-03-08', 1, NULL),
	(837, 267, '01:09:36', '2020-03-08', 1, NULL),
	(838, 267, '01:09:40', '2020-03-08', 1, NULL),
	(839, 267, '01:09:48', '2020-03-08', 1, NULL),
	(840, 267, '01:11:43', '2020-03-08', 1, NULL),
	(841, 267, '01:11:45', '2020-03-08', 1, NULL),
	(842, 267, '01:11:49', '2020-03-08', 1, NULL),
	(843, 267, '01:11:53', '2020-03-08', 1, NULL),
	(844, 267, '01:11:56', '2020-03-08', 1, NULL),
	(845, 267, '01:11:59', '2020-03-08', 1, NULL),
	(846, 267, '01:12:04', '2020-03-08', 1, NULL),
	(847, 267, '01:12:07', '2020-03-08', 1, NULL),
	(848, 267, '01:12:12', '2020-03-08', 1, NULL),
	(849, 267, '01:12:16', '2020-03-08', 1, NULL),
	(850, 267, '01:12:19', '2020-03-08', 1, NULL),
	(851, 267, '01:12:24', '2020-03-08', 1, NULL),
	(852, 267, '01:12:27', '2020-03-08', 1, NULL),
	(853, 267, '01:12:31', '2020-03-08', 1, NULL),
	(854, 267, '01:12:35', '2020-03-08', 1, NULL),
	(855, 267, '01:15:28', '2020-03-08', 1, NULL),
	(856, 267, '01:15:31', '2020-03-08', 1, NULL),
	(857, 267, '01:15:35', '2020-03-08', 1, NULL),
	(858, 267, '01:16:54', '2020-03-08', 1, NULL),
	(859, 267, '01:17:03', '2020-03-08', 1, NULL),
	(860, 267, '01:17:10', '2020-03-08', 1, NULL),
	(861, 267, '01:17:22', '2020-03-08', 1, NULL),
	(862, 267, '01:17:26', '2020-03-08', 1, NULL),
	(863, 267, '01:17:34', '2020-03-08', 1, NULL),
	(864, 267, '01:18:28', '2020-03-08', 1, NULL),
	(865, 267, '01:18:33', '2020-03-08', 1, NULL),
	(866, 267, '01:18:37', '2020-03-08', 1, NULL),
	(867, 267, '01:18:53', '2020-03-08', 1, NULL),
	(868, 267, '01:19:57', '2020-03-08', 1, NULL),
	(869, 267, '01:20:09', '2020-03-08', 1, NULL),
	(870, 267, '01:21:48', '2020-03-08', 1, NULL),
	(871, 267, '01:22:00', '2020-03-08', 1, NULL),
	(872, 267, '01:22:05', '2020-03-08', 1, NULL),
	(873, 267, '01:22:16', '2020-03-08', 1, NULL),
	(874, 267, '01:22:28', '2020-03-08', 1, NULL),
	(875, 267, '01:22:37', '2020-03-08', 1, NULL),
	(876, 267, '01:22:56', '2020-03-08', 1, NULL),
	(877, 267, '01:23:21', '2020-03-08', 1, NULL),
	(878, 267, '01:23:25', '2020-03-08', 1, NULL),
	(879, 267, '01:23:42', '2020-03-08', 1, NULL),
	(880, 267, '01:23:44', '2020-03-08', 1, NULL),
	(881, 267, '01:23:48', '2020-03-08', 1, NULL),
	(882, 267, '01:23:53', '2020-03-08', 1, NULL),
	(883, 267, '01:23:56', '2020-03-08', 1, NULL),
	(884, 267, '01:24:24', '2020-03-08', 1, NULL),
	(885, 267, '01:24:28', '2020-03-08', 1, NULL),
	(886, 267, '01:24:33', '2020-03-08', 1, NULL),
	(887, 267, '01:24:37', '2020-03-08', 1, NULL),
	(888, 267, '01:24:57', '2020-03-08', 1, NULL),
	(889, 267, '01:25:13', '2020-03-08', 1, NULL),
	(890, 267, '01:25:17', '2020-03-08', 1, NULL),
	(891, 267, '01:25:37', '2020-03-08', 1, NULL),
	(892, 267, '01:25:40', '2020-03-08', 1, NULL),
	(893, 267, '01:25:45', '2020-03-08', 1, NULL),
	(894, 267, '01:25:48', '2020-03-08', 1, NULL),
	(895, 267, '01:25:52', '2020-03-08', 1, NULL),
	(896, 267, '01:25:57', '2020-03-08', 1, NULL),
	(897, 267, '01:26:16', '2020-03-08', 1, NULL),
	(898, 267, '01:26:41', '2020-03-08', 1, NULL),
	(899, 267, '01:26:47', '2020-03-08', 1, NULL),
	(900, 267, '01:26:56', '2020-03-08', 1, NULL),
	(901, 267, '01:27:06', '2020-03-08', 1, NULL),
	(902, 267, '01:27:10', '2020-03-08', 1, NULL),
	(903, 267, '01:27:18', '2020-03-08', 1, NULL),
	(904, 267, '01:27:22', '2020-03-08', 1, NULL),
	(905, 267, '01:27:24', '2020-03-08', 1, NULL),
	(906, 267, '01:27:32', '2020-03-08', 1, NULL),
	(907, 267, '01:27:37', '2020-03-08', 1, NULL),
	(908, 267, '01:28:01', '2020-03-08', 1, NULL),
	(909, 267, '01:28:04', '2020-03-08', 1, NULL),
	(910, 267, '01:28:09', '2020-03-08', 1, NULL),
	(911, 267, '01:28:20', '2020-03-08', 1, NULL),
	(912, 267, '01:32:45', '2020-03-08', 1, NULL),
	(913, 267, '01:32:48', '2020-03-08', 1, NULL),
	(914, 267, '01:32:52', '2020-03-08', 1, NULL),
	(915, 267, '01:33:20', '2020-03-08', 1, NULL),
	(916, 267, '01:33:24', '2020-03-08', 1, NULL),
	(917, 267, '01:33:32', '2020-03-08', 1, NULL),
	(918, 267, '01:33:40', '2020-03-08', 1, NULL),
	(919, 267, '01:40:28', '2020-03-08', 1, NULL),
	(920, 267, '01:40:33', '2020-03-08', 1, NULL),
	(921, 267, '01:40:37', '2020-03-08', 1, NULL),
	(922, 267, '01:40:40', '2020-03-08', 1, NULL),
	(923, 267, '01:40:48', '2020-03-08', 1, NULL),
	(924, 267, '01:42:13', '2020-03-08', 1, NULL),
	(925, 267, '01:42:24', '2020-03-08', 1, NULL),
	(926, 267, '01:42:28', '2020-03-08', 1, NULL),
	(927, 267, '01:42:33', '2020-03-08', 1, NULL),
	(928, 200, '01:47:13', '2020-03-08', 1, NULL),
	(929, 200, '02:53:44', '2020-03-08', 1, NULL),
	(930, 200, '02:56:41', '2020-03-08', 1, NULL),
	(931, 200, '09:29:32', '2020-03-08', 1, NULL),
	(932, 200, '09:34:12', '2020-03-08', 1, NULL),
	(933, 200, '09:37:33', '2020-03-08', 1, NULL),
	(934, 200, '09:45:20', '2020-03-08', 1, NULL),
	(935, 200, '09:46:49', '2020-03-08', 1, NULL),
	(936, 200, '10:09:45', '2020-03-08', 1, NULL),
	(937, 200, '10:18:58', '2020-03-08', 1, NULL),
	(938, 270, '10:19:01', '2020-03-08', 1, NULL),
	(939, 200, '10:21:25', '2020-03-08', 1, NULL),
	(940, 200, '11:37:42', '2020-03-08', 1, NULL),
	(941, 270, '11:37:45', '2020-03-08', 1, NULL),
	(942, 200, '11:44:45', '2020-03-08', 1, NULL),
	(943, 270, '11:44:49', '2020-03-08', 1, NULL),
	(944, 200, '11:44:57', '2020-03-08', 1, NULL),
	(945, 200, '12:03:43', '2020-03-08', 1, NULL),
	(946, 200, '12:03:52', '2020-03-08', 1, NULL),
	(947, 200, '12:04:00', '2020-03-08', 1, NULL),
	(948, 200, '12:04:08', '2020-03-08', 1, NULL),
	(949, 200, '12:32:11', '2020-03-08', 1, NULL),
	(950, 200, '12:38:41', '2020-03-08', 3, NULL),
	(951, 268, '12:38:44', '2020-03-08', 3, NULL),
	(952, 200, '12:40:33', '2020-03-08', 3, NULL),
	(953, 200, '12:40:49', '2020-03-08', 3, NULL),
	(954, 268, '12:40:52', '2020-03-08', 3, NULL),
	(955, 200, '12:41:01', '2020-03-08', 3, NULL),
	(956, 268, '12:41:04', '2020-03-08', 3, NULL),
	(957, 200, '12:41:24', '2020-03-08', 3, NULL),
	(958, 200, '12:41:40', '2020-03-08', 3, NULL),
	(959, 268, '12:41:44', '2020-03-08', 3, NULL),
	(960, 200, '12:41:56', '2020-03-08', 3, NULL),
	(961, 200, '12:42:05', '2020-03-08', 3, NULL),
	(962, 200, '12:42:24', '2020-03-08', 3, NULL),
	(963, 200, '12:42:33', '2020-03-08', 3, NULL),
	(964, 200, '12:42:43', '2020-03-08', 3, NULL),
	(965, 200, '12:43:24', '2020-03-08', 3, NULL),
	(966, 200, '12:43:39', '2020-03-08', 3, NULL),
	(967, 200, '12:43:45', '2020-03-08', 3, NULL),
	(968, 200, '12:43:57', '2020-03-08', 3, NULL),
	(969, 200, '12:44:06', '2020-03-08', 3, NULL),
	(970, 200, '12:44:13', '2020-03-08', 3, NULL),
	(971, 200, '12:44:33', '2020-03-08', 3, NULL),
	(972, 200, '12:44:43', '2020-03-08', 3, NULL),
	(973, 200, '12:44:53', '2020-03-08', 3, NULL),
	(974, 268, '12:44:56', '2020-03-08', 3, NULL),
	(975, 200, '12:45:05', '2020-03-08', 3, NULL),
	(976, 200, '12:45:13', '2020-03-08', 3, NULL),
	(977, 200, '12:45:32', '2020-03-08', 3, NULL),
	(978, 200, '12:45:41', '2020-03-08', 3, NULL),
	(979, 200, '12:46:02', '2020-03-08', 3, NULL),
	(980, 270, '08:01:19', '2020-03-09', 1, NULL),
	(981, 270, '08:01:25', '2020-03-09', 1, NULL),
	(982, 270, '08:06:47', '2020-03-09', 1, NULL),
	(983, 270, '08:06:54', '2020-03-09', 1, NULL),
	(984, 270, '08:07:07', '2020-03-09', 1, NULL),
	(985, 270, '08:07:11', '2020-03-09', 1, NULL),
	(986, 270, '08:07:18', '2020-03-09', 1, NULL),
	(987, 270, '08:07:19', '2020-03-09', 1, NULL),
	(988, 270, '08:07:24', '2020-03-09', 1, NULL),
	(989, 270, '08:07:27', '2020-03-09', 1, NULL),
	(990, 270, '08:07:31', '2020-03-09', 1, NULL),
	(991, 270, '08:07:38', '2020-03-09', 1, NULL),
	(992, 200, '13:24:35', '2020-03-09', 1, NULL),
	(993, 200, '15:28:18', '2020-03-09', 1, NULL),
	(994, 200, '16:27:27', '2020-03-09', 1, NULL),
	(995, 200, '17:36:01', '2020-03-09', 1, NULL),
	(996, 270, '17:36:04', '2020-03-09', 1, NULL),
	(997, 200, '19:10:38', '2020-03-09', 1, NULL),
	(998, 270, '19:10:43', '2020-03-09', 1, NULL),
	(999, 200, '19:17:35', '2020-03-09', 3, NULL),
	(1000, 200, '19:46:47', '2020-03-09', 3, NULL),
	(1001, 200, '03:43:05', '2020-03-10', 1, NULL),
	(1002, 270, '03:43:08', '2020-03-10', 1, NULL),
	(1003, 200, '05:12:32', '2020-03-10', 3, NULL),
	(1004, 268, '05:12:34', '2020-03-10', 3, NULL),
	(1005, 200, '08:20:11', '2020-03-10', 1, NULL),
	(1006, 200, '09:53:04', '2020-03-10', 1, NULL),
	(1007, 200, '09:58:43', '2020-03-10', 3, NULL),
	(1008, 268, '10:41:39', '2020-03-10', 3, NULL),
	(1009, 383, '10:41:43', '2020-03-10', 3, NULL),
	(1010, 268, '10:42:48', '2020-03-10', 3, NULL),
	(1011, 268, '10:42:50', '2020-03-10', 3, NULL),
	(1012, 268, '10:42:54', '2020-03-10', 3, NULL),
	(1013, 268, '10:42:58', '2020-03-10', 3, NULL),
	(1014, 268, '10:43:02', '2020-03-10', 3, NULL),
	(1015, 268, '10:43:06', '2020-03-10', 3, NULL),
	(1016, 268, '10:43:13', '2020-03-10', 3, NULL),
	(1017, 268, '10:43:15', '2020-03-10', 3, NULL),
	(1018, 268, '10:43:20', '2020-03-10', 3, NULL),
	(1019, 268, '10:43:22', '2020-03-10', 3, NULL),
	(1020, 382, '10:43:32', '2020-03-10', 3, NULL),
	(1021, 268, '10:43:33', '2020-03-10', 3, NULL),
	(1022, 268, '12:17:06', '2020-03-10', 4, NULL),
	(1023, 200, '12:17:09', '2020-03-10', 4, NULL),
	(1024, 268, '12:17:14', '2020-03-10', 4, NULL),
	(1025, 200, '12:19:17', '2020-03-10', 1, NULL),
	(1026, 200, '12:36:08', '2020-03-10', 3, NULL),
	(1027, 268, '14:49:51', '2020-03-10', 4, NULL),
	(1028, 200, '14:49:56', '2020-03-10', 3, NULL),
	(1029, 200, '14:50:08', '2020-03-10', 4, NULL),
	(1030, 268, '14:50:11', '2020-03-10', 3, NULL),
	(1031, 200, '09:31:07', '2020-03-11', 1, NULL),
	(1032, 200, '10:02:10', '2020-03-11', 1, NULL),
	(1033, 200, '10:33:27', '2020-03-11', 1, NULL),
	(1034, 200, '11:33:32', '2020-03-11', 1, NULL),
	(1035, 200, '12:57:30', '2020-03-11', 3, NULL),
	(1036, 268, '12:57:34', '2020-03-11', 3, NULL),
	(1037, 268, '14:18:23', '2020-03-11', 3, NULL),
	(1038, 200, '14:47:51', '2020-03-11', 1, NULL),
	(1039, 270, '14:47:57', '2020-03-11', 1, NULL),
	(1040, 200, '14:53:58', '2020-03-11', 3, NULL),
	(1041, 268, '14:54:01', '2020-03-11', 3, NULL),
	(1042, 268, '14:54:05', '2020-03-11', 3, NULL),
	(1043, 268, '14:54:14', '2020-03-11', 3, NULL),
	(1044, 268, '14:54:16', '2020-03-11', 3, NULL),
	(1045, 268, '14:54:21', '2020-03-11', 3, NULL),
	(1046, 268, '14:54:25', '2020-03-11', 3, NULL),
	(1047, 268, '14:54:30', '2020-03-11', 3, NULL),
	(1048, 268, '14:54:36', '2020-03-11', 3, NULL),
	(1049, 268, '14:54:41', '2020-03-11', 3, NULL),
	(1050, 268, '14:54:46', '2020-03-11', 3, NULL),
	(1051, 268, '15:46:55', '2020-03-11', 3, NULL),
	(1052, 268, '15:48:14', '2020-03-11', 3, NULL),
	(1053, 268, '15:48:18', '2020-03-11', 3, NULL),
	(1054, 268, '15:48:24', '2020-03-11', 3, NULL),
	(1055, 268, '15:48:28', '2020-03-11', 3, NULL),
	(1056, 268, '15:48:34', '2020-03-11', 3, NULL),
	(1057, 268, '15:48:38', '2020-03-11', 3, NULL),
	(1058, 268, '15:48:44', '2020-03-11', 3, NULL),
	(1059, 268, '15:48:47', '2020-03-11', 3, NULL),
	(1060, 268, '15:48:54', '2020-03-11', 3, NULL),
	(1061, 268, '15:48:57', '2020-03-11', 3, NULL),
	(1062, 268, '15:49:04', '2020-03-11', 3, NULL),
	(1063, 382, '15:49:09', '2020-03-11', 3, NULL),
	(1064, 268, '15:50:16', '2020-03-11', 3, NULL),
	(1065, 268, '15:50:18', '2020-03-11', 3, NULL),
	(1066, 268, '15:50:24', '2020-03-11', 3, NULL),
	(1067, 268, '15:50:27', '2020-03-11', 3, NULL),
	(1068, 268, '15:50:35', '2020-03-11', 3, NULL),
	(1069, 268, '15:50:39', '2020-03-11', 3, NULL),
	(1070, 268, '15:50:44', '2020-03-11', 3, NULL),
	(1071, 268, '15:50:50', '2020-03-11', 3, NULL),
	(1072, 268, '15:51:00', '2020-03-11', 3, NULL),
	(1073, 268, '15:51:01', '2020-03-11', 3, NULL),
	(1074, 268, '15:51:10', '2020-03-11', 3, NULL),
	(1075, 382, '15:51:12', '2020-03-11', 3, NULL),
	(1076, 268, '15:52:19', '2020-03-11', 3, NULL),
	(1077, 268, '15:52:24', '2020-03-11', 3, NULL),
	(1078, 268, '15:52:34', '2020-03-11', 3, NULL),
	(1079, 268, '15:52:50', '2020-03-11', 3, NULL),
	(1080, 268, '15:52:54', '2020-03-11', 3, NULL),
	(1081, 268, '15:53:00', '2020-03-11', 3, NULL),
	(1082, 268, '15:53:06', '2020-03-11', 3, NULL),
	(1083, 268, '15:53:10', '2020-03-11', 3, NULL),
	(1084, 268, '15:53:14', '2020-03-11', 3, NULL),
	(1085, 268, '15:53:20', '2020-03-11', 3, NULL),
	(1086, 268, '15:53:28', '2020-03-11', 3, NULL),
	(1087, 268, '15:53:29', '2020-03-11', 3, NULL),
	(1088, 268, '15:53:35', '2020-03-11', 3, NULL),
	(1089, 106, '15:53:43', '2020-03-11', 3, NULL),
	(1090, 268, '15:53:44', '2020-03-11', 3, NULL),
	(1091, 106, '15:53:53', '2020-03-11', 3, NULL),
	(1092, 268, '15:53:54', '2020-03-11', 3, NULL),
	(1093, 268, '15:54:02', '2020-03-11', 3, NULL),
	(1094, 268, '15:54:10', '2020-03-11', 3, NULL),
	(1095, 268, '15:54:22', '2020-03-11', 3, NULL),
	(1096, 268, '15:54:32', '2020-03-11', 3, NULL),
	(1097, 268, '15:54:35', '2020-03-11', 3, NULL),
	(1098, 268, '15:54:38', '2020-03-11', 3, NULL),
	(1099, 268, '15:54:42', '2020-03-11', 3, NULL),
	(1100, 268, '15:54:43', '2020-03-11', 3, NULL),
	(1101, 268, '15:54:50', '2020-03-11', 3, NULL),
	(1102, 268, '15:54:57', '2020-03-11', 3, NULL),
	(1103, 268, '15:54:59', '2020-03-11', 3, NULL),
	(1104, 268, '15:55:04', '2020-03-11', 3, NULL),
	(1105, 268, '15:55:09', '2020-03-11', 3, NULL),
	(1106, 268, '15:55:15', '2020-03-11', 3, NULL),
	(1107, 268, '15:56:23', '2020-03-11', 3, NULL),
	(1108, 268, '15:56:27', '2020-03-11', 3, NULL),
	(1109, 268, '15:56:32', '2020-03-11', 3, NULL),
	(1110, 268, '15:56:37', '2020-03-11', 3, NULL),
	(1111, 268, '15:56:42', '2020-03-11', 3, NULL),
	(1112, 268, '15:56:49', '2020-03-11', 3, NULL),
	(1113, 268, '15:56:53', '2020-03-11', 3, NULL),
	(1114, 268, '15:57:00', '2020-03-11', 3, NULL),
	(1115, 268, '15:57:06', '2020-03-11', 3, NULL),
	(1116, 268, '15:57:10', '2020-03-11', 3, NULL),
	(1117, 268, '16:10:21', '2020-03-11', 3, NULL),
	(1118, 268, '16:10:24', '2020-03-11', 3, NULL),
	(1119, 268, '16:10:29', '2020-03-11', 3, NULL),
	(1120, 268, '16:10:34', '2020-03-11', 3, NULL),
	(1121, 268, '16:10:39', '2020-03-11', 3, NULL),
	(1122, 268, '16:10:44', '2020-03-11', 3, NULL),
	(1123, 268, '16:10:50', '2020-03-11', 3, NULL),
	(1124, 268, '16:10:52', '2020-03-11', 3, NULL),
	(1125, 268, '16:10:59', '2020-03-11', 3, NULL),
	(1126, 268, '16:11:05', '2020-03-11', 3, NULL),
	(1127, 268, '16:11:09', '2020-03-11', 3, NULL),
	(1128, 268, '16:11:15', '2020-03-11', 3, NULL),
	(1129, 268, '16:12:20', '2020-03-11', 3, NULL),
	(1130, 268, '16:12:26', '2020-03-11', 3, NULL),
	(1131, 268, '16:12:30', '2020-03-11', 3, NULL),
	(1132, 268, '16:12:35', '2020-03-11', 3, NULL),
	(1133, 268, '16:12:39', '2020-03-11', 3, NULL),
	(1134, 268, '16:12:46', '2020-03-11', 3, NULL),
	(1135, 268, '16:12:50', '2020-03-11', 3, NULL),
	(1136, 268, '16:12:55', '2020-03-11', 3, NULL),
	(1137, 268, '16:13:00', '2020-03-11', 3, NULL),
	(1138, 268, '16:13:08', '2020-03-11', 3, NULL),
	(1139, 200, '16:13:11', '2020-03-11', 3, NULL),
	(1140, 382, '16:13:14', '2020-03-11', 3, NULL),
	(1141, 268, '16:14:24', '2020-03-11', 3, NULL),
	(1142, 268, '16:14:28', '2020-03-11', 3, NULL),
	(1143, 268, '16:14:32', '2020-03-11', 3, NULL),
	(1144, 268, '16:14:39', '2020-03-11', 3, NULL),
	(1145, 268, '16:14:44', '2020-03-11', 3, NULL),
	(1146, 268, '16:14:48', '2020-03-11', 3, NULL),
	(1147, 268, '16:14:54', '2020-03-11', 3, NULL),
	(1148, 268, '16:14:59', '2020-03-11', 3, NULL),
	(1149, 268, '16:15:05', '2020-03-11', 3, NULL),
	(1150, 268, '16:15:09', '2020-03-11', 3, NULL),
	(1151, 268, '16:15:14', '2020-03-11', 3, NULL),
	(1152, 268, '16:15:18', '2020-03-11', 3, NULL),
	(1153, 268, '16:15:23', '2020-03-11', 3, NULL),
	(1154, 383, '16:15:27', '2020-03-11', 3, NULL),
	(1155, 268, '16:16:34', '2020-03-11', 3, NULL),
	(1156, 268, '16:16:39', '2020-03-11', 3, NULL),
	(1157, 268, '16:16:42', '2020-03-11', 3, NULL),
	(1158, 268, '16:16:47', '2020-03-11', 3, NULL),
	(1159, 268, '16:16:52', '2020-03-11', 3, NULL),
	(1160, 268, '16:16:57', '2020-03-11', 3, NULL),
	(1161, 268, '16:17:03', '2020-03-11', 3, NULL),
	(1162, 268, '16:17:07', '2020-03-11', 3, NULL),
	(1163, 268, '16:17:12', '2020-03-11', 3, NULL),
	(1164, 268, '16:17:17', '2020-03-11', 3, NULL),
	(1165, 268, '16:17:22', '2020-03-11', 3, NULL),
	(1166, 268, '16:17:28', '2020-03-11', 3, NULL),
	(1167, 383, '16:17:32', '2020-03-11', 3, NULL),
	(1168, 268, '16:18:36', '2020-03-11', 3, NULL),
	(1169, 268, '16:18:37', '2020-03-11', 3, NULL),
	(1170, 268, '16:18:42', '2020-03-11', 3, NULL),
	(1171, 268, '16:18:47', '2020-03-11', 3, NULL),
	(1172, 268, '16:18:52', '2020-03-11', 3, NULL),
	(1173, 268, '16:18:57', '2020-03-11', 3, NULL),
	(1174, 268, '16:19:03', '2020-03-11', 3, NULL),
	(1175, 268, '16:19:08', '2020-03-11', 3, NULL),
	(1176, 268, '16:19:13', '2020-03-11', 3, NULL),
	(1177, 268, '16:19:17', '2020-03-11', 3, NULL),
	(1178, 268, '16:19:22', '2020-03-11', 3, NULL),
	(1179, 268, '16:19:33', '2020-03-11', 3, NULL),
	(1180, 268, '16:19:38', '2020-03-11', 3, NULL),
	(1181, 268, '16:19:43', '2020-03-11', 3, NULL),
	(1182, 268, '16:19:47', '2020-03-11', 3, NULL),
	(1183, 268, '16:19:48', '2020-03-11', 3, NULL),
	(1184, 268, '16:19:52', '2020-03-11', 3, NULL),
	(1185, 268, '16:20:00', '2020-03-11', 3, NULL),
	(1186, 268, '16:20:05', '2020-03-11', 3, NULL),
	(1187, 268, '16:20:09', '2020-03-11', 3, NULL),
	(1188, 268, '16:20:14', '2020-03-11', 3, NULL),
	(1189, 268, '16:20:19', '2020-03-11', 3, NULL),
	(1190, 268, '16:20:23', '2020-03-11', 3, NULL),
	(1191, 268, '16:21:34', '2020-03-11', 3, NULL),
	(1192, 268, '16:21:38', '2020-03-11', 3, NULL),
	(1193, 268, '16:21:43', '2020-03-11', 3, NULL),
	(1194, 268, '16:21:47', '2020-03-11', 3, NULL),
	(1195, 268, '16:21:54', '2020-03-11', 3, NULL),
	(1196, 268, '16:21:58', '2020-03-11', 3, NULL),
	(1197, 268, '16:22:02', '2020-03-11', 3, NULL),
	(1198, 268, '16:22:07', '2020-03-11', 3, NULL),
	(1199, 268, '16:22:12', '2020-03-11', 3, NULL),
	(1200, 268, '16:22:17', '2020-03-11', 3, NULL),
	(1201, 268, '16:22:21', '2020-03-11', 3, NULL),
	(1202, 268, '16:22:30', '2020-03-11', 3, NULL),
	(1203, 268, '16:22:35', '2020-03-11', 3, NULL),
	(1204, 268, '16:22:40', '2020-03-11', 3, NULL),
	(1205, 268, '16:22:44', '2020-03-11', 3, NULL),
	(1206, 268, '16:22:47', '2020-03-11', 3, NULL),
	(1207, 200, '16:29:14', '2020-03-11', 1, NULL),
	(1208, 106, '16:40:57', '2020-03-11', 1, NULL),
	(1209, 200, '16:40:58', '2020-03-11', 1, NULL),
	(1210, 200, '16:49:16', '2020-03-11', 3, NULL),
	(1211, 268, '16:49:20', '2020-03-11', 3, NULL),
	(1212, 268, '16:49:23', '2020-03-11', 3, NULL),
	(1213, 268, '16:49:29', '2020-03-11', 3, NULL),
	(1214, 268, '16:49:34', '2020-03-11', 3, NULL),
	(1215, 268, '16:49:39', '2020-03-11', 3, NULL),
	(1216, 268, '16:49:50', '2020-03-11', 3, NULL),
	(1217, 268, '16:49:58', '2020-03-11', 3, NULL),
	(1218, 268, '16:50:01', '2020-03-11', 3, NULL),
	(1219, 268, '16:50:06', '2020-03-11', 3, NULL),
	(1220, 268, '16:50:10', '2020-03-11', 3, NULL),
	(1221, 268, '16:50:15', '2020-03-11', 3, NULL),
	(1222, 268, '16:50:19', '2020-03-11', 3, NULL),
	(1223, 268, '16:50:25', '2020-03-11', 3, NULL),
	(1224, 268, '16:50:30', '2020-03-11', 3, NULL),
	(1225, 268, '16:50:35', '2020-03-11', 3, NULL),
	(1226, 268, '16:50:38', '2020-03-11', 3, NULL),
	(1227, 268, '16:50:44', '2020-03-11', 3, NULL),
	(1228, 268, '16:50:48', '2020-03-11', 3, NULL),
	(1229, 268, '16:51:56', '2020-03-11', 3, NULL),
	(1230, 268, '16:52:02', '2020-03-11', 3, NULL),
	(1231, 268, '16:52:08', '2020-03-11', 3, NULL),
	(1232, 268, '16:52:13', '2020-03-11', 3, NULL),
	(1233, 268, '16:52:16', '2020-03-11', 3, NULL),
	(1234, 268, '16:52:21', '2020-03-11', 3, NULL),
	(1235, 268, '16:52:29', '2020-03-11', 3, NULL),
	(1236, 268, '16:52:33', '2020-03-11', 3, NULL),
	(1237, 268, '16:52:36', '2020-03-11', 3, NULL),
	(1238, 268, '16:52:41', '2020-03-11', 3, NULL),
	(1239, 268, '16:52:46', '2020-03-11', 3, NULL),
	(1240, 268, '16:52:51', '2020-03-11', 3, NULL),
	(1241, 268, '16:52:56', '2020-03-11', 3, NULL),
	(1242, 268, '16:54:09', '2020-03-11', 3, NULL),
	(1243, 268, '16:54:12', '2020-03-11', 3, NULL),
	(1244, 268, '16:54:17', '2020-03-11', 3, NULL),
	(1245, 268, '16:54:22', '2020-03-11', 3, NULL),
	(1246, 268, '16:54:27', '2020-03-11', 3, NULL),
	(1247, 268, '16:54:32', '2020-03-11', 3, NULL),
	(1248, 268, '16:54:37', '2020-03-11', 3, NULL),
	(1249, 268, '16:54:42', '2020-03-11', 3, NULL),
	(1250, 268, '16:54:47', '2020-03-11', 3, NULL),
	(1251, 268, '16:54:52', '2020-03-11', 3, NULL),
	(1252, 268, '16:54:56', '2020-03-11', 3, NULL),
	(1253, 268, '16:55:02', '2020-03-11', 3, NULL),
	(1254, 268, '16:56:15', '2020-03-11', 3, NULL),
	(1255, 268, '16:56:20', '2020-03-11', 3, NULL),
	(1256, 268, '16:56:25', '2020-03-11', 3, NULL),
	(1257, 268, '16:56:27', '2020-03-11', 3, NULL),
	(1258, 268, '16:56:34', '2020-03-11', 3, NULL),
	(1259, 268, '16:56:38', '2020-03-11', 3, NULL),
	(1260, 268, '16:56:43', '2020-03-11', 3, NULL),
	(1261, 268, '16:56:49', '2020-03-11', 3, NULL),
	(1262, 268, '16:56:55', '2020-03-11', 3, NULL),
	(1263, 268, '16:56:59', '2020-03-11', 3, NULL),
	(1264, 268, '16:57:04', '2020-03-11', 3, NULL),
	(1265, 268, '16:57:09', '2020-03-11', 3, NULL),
	(1266, 200, '18:15:47', '2020-03-11', 1, NULL),
	(1267, 270, '18:15:51', '2020-03-11', 1, NULL),
	(1268, 200, '19:32:29', '2020-03-11', 3, NULL),
	(1269, 268, '19:32:32', '2020-03-11', 3, NULL),
	(1270, 268, '19:32:36', '2020-03-11', 3, NULL),
	(1271, 268, '19:32:39', '2020-03-11', 3, NULL),
	(1272, 268, '19:32:47', '2020-03-11', 3, NULL),
	(1273, 268, '19:32:51', '2020-03-11', 3, NULL),
	(1274, 268, '19:32:55', '2020-03-11', 3, NULL),
	(1275, 268, '19:32:59', '2020-03-11', 3, NULL),
	(1276, 268, '19:33:04', '2020-03-11', 3, NULL),
	(1277, 383, '19:33:10', '2020-03-11', 3, NULL),
	(1278, 200, '09:06:20', '2020-03-12', 1, NULL),
	(1279, 200, '09:33:13', '2020-03-12', 1, NULL),
	(1280, 270, '09:33:19', '2020-03-12', 1, NULL),
	(1281, 200, '09:33:27', '2020-03-12', 3, NULL),
	(1282, 268, '09:33:37', '2020-03-12', 3, NULL),
	(1283, 268, '09:33:43', '2020-03-12', 3, NULL),
	(1284, 268, '09:33:47', '2020-03-12', 3, NULL),
	(1285, 268, '09:33:51', '2020-03-12', 3, NULL),
	(1286, 268, '09:33:56', '2020-03-12', 3, NULL),
	(1287, 268, '09:34:02', '2020-03-12', 3, NULL),
	(1288, 268, '09:34:07', '2020-03-12', 3, NULL),
	(1289, 268, '09:34:12', '2020-03-12', 3, NULL),
	(1290, 268, '09:34:16', '2020-03-12', 3, NULL),
	(1291, 268, '09:34:20', '2020-03-12', 3, NULL),
	(1292, 383, '09:34:23', '2020-03-12', 3, NULL),
	(1293, 200, '09:40:04', '2020-03-12', 3, NULL),
	(1294, 268, '09:40:08', '2020-03-12', 3, NULL),
	(1295, 268, '09:40:10', '2020-03-12', 3, NULL),
	(1296, 268, '09:40:16', '2020-03-12', 3, NULL),
	(1297, 268, '09:40:22', '2020-03-12', 3, NULL),
	(1298, 268, '09:40:27', '2020-03-12', 3, NULL),
	(1299, 268, '09:40:34', '2020-03-12', 3, NULL),
	(1300, 268, '09:40:37', '2020-03-12', 3, NULL),
	(1301, 268, '09:40:43', '2020-03-12', 3, NULL),
	(1302, 268, '09:40:47', '2020-03-12', 3, NULL),
	(1303, 268, '09:40:53', '2020-03-12', 3, NULL),
	(1304, 383, '09:40:58', '2020-03-12', 3, NULL),
	(1305, 268, '09:42:04', '2020-03-12', 3, NULL),
	(1306, 268, '09:42:09', '2020-03-12', 3, NULL),
	(1307, 268, '09:42:14', '2020-03-12', 3, NULL),
	(1308, 268, '09:42:19', '2020-03-12', 3, NULL),
	(1309, 268, '09:42:25', '2020-03-12', 3, NULL),
	(1310, 268, '09:42:29', '2020-03-12', 3, NULL),
	(1311, 268, '09:42:34', '2020-03-12', 3, NULL),
	(1312, 268, '09:42:39', '2020-03-12', 3, NULL),
	(1313, 268, '09:42:44', '2020-03-12', 3, NULL),
	(1314, 268, '09:42:51', '2020-03-12', 3, NULL),
	(1315, 268, '09:42:57', '2020-03-12', 3, NULL),
	(1316, 268, '09:43:01', '2020-03-12', 3, NULL),
	(1317, 268, '09:43:05', '2020-03-12', 3, NULL),
	(1318, 268, '09:43:13', '2020-03-12', 3, NULL),
	(1319, 268, '09:43:18', '2020-03-12', 3, NULL),
	(1320, 268, '09:43:20', '2020-03-12', 3, NULL),
	(1321, 268, '09:43:29', '2020-03-12', 3, NULL),
	(1322, 268, '09:43:31', '2020-03-12', 3, NULL),
	(1323, 268, '09:43:34', '2020-03-12', 3, NULL),
	(1324, 268, '09:43:39', '2020-03-12', 3, NULL),
	(1325, 268, '09:43:47', '2020-03-12', 3, NULL),
	(1326, 268, '09:43:52', '2020-03-12', 3, NULL),
	(1327, 268, '09:44:59', '2020-03-12', 3, NULL),
	(1328, 268, '09:45:07', '2020-03-12', 3, NULL),
	(1329, 268, '09:45:11', '2020-03-12', 3, NULL),
	(1330, 268, '09:45:17', '2020-03-12', 3, NULL),
	(1331, 268, '09:45:20', '2020-03-12', 3, NULL),
	(1332, 268, '09:45:24', '2020-03-12', 3, NULL),
	(1333, 268, '09:45:29', '2020-03-12', 3, NULL),
	(1334, 268, '09:45:34', '2020-03-12', 3, NULL),
	(1335, 268, '09:45:39', '2020-03-12', 3, NULL),
	(1336, 268, '09:45:44', '2020-03-12', 3, NULL),
	(1337, 268, '09:45:52', '2020-03-12', 3, NULL),
	(1338, 268, '09:45:54', '2020-03-12', 3, NULL),
	(1339, 268, '09:47:04', '2020-03-12', 3, NULL),
	(1340, 268, '09:47:12', '2020-03-12', 3, NULL),
	(1341, 268, '09:47:16', '2020-03-12', 3, NULL),
	(1342, 268, '09:47:21', '2020-03-12', 3, NULL),
	(1343, 268, '09:47:26', '2020-03-12', 3, NULL),
	(1344, 268, '09:47:29', '2020-03-12', 3, NULL),
	(1345, 268, '09:47:35', '2020-03-12', 3, NULL),
	(1346, 268, '09:47:39', '2020-03-12', 3, NULL),
	(1347, 268, '09:47:44', '2020-03-12', 3, NULL),
	(1348, 268, '09:47:49', '2020-03-12', 3, NULL),
	(1349, 268, '09:47:54', '2020-03-12', 3, NULL),
	(1350, 268, '09:48:00', '2020-03-12', 3, NULL),
	(1351, 383, '09:48:04', '2020-03-12', 3, NULL),
	(1352, 268, '09:49:11', '2020-03-12', 3, NULL),
	(1353, 268, '09:49:14', '2020-03-12', 3, NULL),
	(1354, 268, '09:49:19', '2020-03-12', 3, NULL),
	(1355, 268, '09:49:26', '2020-03-12', 3, NULL),
	(1356, 268, '09:49:30', '2020-03-12', 3, NULL),
	(1357, 268, '09:49:39', '2020-03-12', 3, NULL),
	(1358, 268, '09:49:40', '2020-03-12', 3, NULL),
	(1359, 268, '09:49:44', '2020-03-12', 3, NULL),
	(1360, 268, '09:49:49', '2020-03-12', 3, NULL),
	(1361, 268, '09:49:54', '2020-03-12', 3, NULL),
	(1362, 268, '09:50:02', '2020-03-12', 3, NULL),
	(1363, 268, '09:50:07', '2020-03-12', 3, NULL),
	(1364, 268, '09:50:10', '2020-03-12', 3, NULL),
	(1365, 268, '09:50:14', '2020-03-12', 3, NULL),
	(1366, 268, '09:50:19', '2020-03-12', 3, NULL),
	(1367, 268, '09:50:25', '2020-03-12', 3, NULL),
	(1368, 268, '09:50:31', '2020-03-12', 3, NULL),
	(1369, 268, '09:50:36', '2020-03-12', 3, NULL),
	(1370, 268, '09:51:46', '2020-03-12', 3, NULL),
	(1371, 268, '09:51:49', '2020-03-12', 3, NULL),
	(1372, 268, '09:51:54', '2020-03-12', 3, NULL),
	(1373, 268, '09:51:59', '2020-03-12', 3, NULL),
	(1374, 268, '09:52:04', '2020-03-12', 3, NULL),
	(1375, 268, '09:52:09', '2020-03-12', 3, NULL),
	(1376, 268, '09:52:14', '2020-03-12', 3, NULL),
	(1377, 268, '09:52:20', '2020-03-12', 3, NULL),
	(1378, 268, '09:52:27', '2020-03-12', 3, NULL),
	(1379, 268, '09:52:29', '2020-03-12', 3, NULL),
	(1380, 268, '09:52:33', '2020-03-12', 3, NULL),
	(1381, 268, '09:52:39', '2020-03-12', 3, NULL),
	(1382, 268, '09:53:49', '2020-03-12', 3, NULL),
	(1383, 268, '09:53:54', '2020-03-12', 3, NULL),
	(1384, 268, '09:53:59', '2020-03-12', 3, NULL),
	(1385, 268, '09:54:07', '2020-03-12', 3, NULL),
	(1386, 268, '09:54:09', '2020-03-12', 3, NULL),
	(1387, 268, '09:54:15', '2020-03-12', 3, NULL),
	(1388, 268, '09:54:19', '2020-03-12', 3, NULL),
	(1389, 268, '09:54:24', '2020-03-12', 3, NULL),
	(1390, 268, '09:54:29', '2020-03-12', 3, NULL),
	(1391, 268, '09:54:35', '2020-03-12', 3, NULL),
	(1392, 268, '09:54:40', '2020-03-12', 3, NULL),
	(1393, 268, '09:54:44', '2020-03-12', 3, NULL),
	(1394, 106, '10:14:39', '2020-03-12', 1, NULL),
	(1395, 200, '10:14:39', '2020-03-12', 1, NULL),
	(1396, 270, '10:15:06', '2020-03-12', 1, NULL),
	(1397, 200, '10:15:12', '2020-03-12', 3, NULL),
	(1398, 268, '10:15:15', '2020-03-12', 3, NULL),
	(1399, 268, '10:15:20', '2020-03-12', 3, NULL),
	(1400, 268, '10:15:24', '2020-03-12', 3, NULL),
	(1401, 268, '10:15:29', '2020-03-12', 3, NULL),
	(1402, 382, '10:15:34', '2020-03-12', 3, NULL),
	(1403, 268, '10:16:40', '2020-03-12', 3, NULL),
	(1404, 268, '10:16:44', '2020-03-12', 3, NULL),
	(1405, 268, '10:16:50', '2020-03-12', 3, NULL),
	(1406, 268, '10:16:54', '2020-03-12', 3, NULL),
	(1407, 268, '10:16:59', '2020-03-12', 3, NULL),
	(1408, 268, '10:17:07', '2020-03-12', 3, NULL),
	(1409, 268, '10:17:09', '2020-03-12', 3, NULL),
	(1410, 268, '10:17:14', '2020-03-12', 3, NULL),
	(1411, 268, '10:17:22', '2020-03-12', 3, NULL),
	(1412, 268, '10:17:27', '2020-03-12', 3, NULL),
	(1413, 268, '10:17:29', '2020-03-12', 3, NULL),
	(1414, 268, '10:17:36', '2020-03-12', 3, NULL),
	(1415, 383, '10:17:39', '2020-03-12', 3, NULL),
	(1416, 200, '10:18:48', '2020-03-12', 4, NULL),
	(1417, 268, '10:18:53', '2020-03-12', 4, NULL),
	(1418, 200, '10:19:00', '2020-03-12', 1, NULL),
	(1419, 200, '10:29:55', '2020-03-12', 1, NULL),
	(1420, 200, '10:32:52', '2020-03-12', 3, NULL),
	(1421, 268, '10:32:59', '2020-03-12', 3, NULL),
	(1422, 268, '10:48:51', '2020-03-12', 3, NULL),
	(1423, 268, '10:48:57', '2020-03-12', 3, NULL),
	(1424, 268, '10:49:02', '2020-03-12', 3, NULL),
	(1425, 268, '10:49:07', '2020-03-12', 3, NULL),
	(1426, 268, '10:49:11', '2020-03-12', 3, NULL),
	(1427, 268, '10:49:16', '2020-03-12', 3, NULL),
	(1428, 268, '10:49:21', '2020-03-12', 3, NULL),
	(1429, 268, '10:49:24', '2020-03-12', 3, NULL),
	(1430, 268, '10:49:29', '2020-03-12', 3, NULL),
	(1431, 268, '10:49:36', '2020-03-12', 3, NULL),
	(1432, 200, '11:07:00', '2020-03-12', 1, NULL),
	(1433, 200, '11:07:43', '2020-03-12', 1, NULL),
	(1434, 200, '11:27:27', '2020-03-12', 3, NULL),
	(1435, 268, '11:27:36', '2020-03-12', 3, NULL),
	(1436, 268, '11:27:40', '2020-03-12', 3, NULL),
	(1437, 268, '11:27:44', '2020-03-12', 3, NULL),
	(1438, 268, '11:27:48', '2020-03-12', 3, NULL),
	(1439, 268, '11:27:53', '2020-03-12', 3, NULL),
	(1440, 268, '11:27:58', '2020-03-12', 3, NULL),
	(1441, 268, '11:28:03', '2020-03-12', 3, NULL),
	(1442, 268, '11:28:12', '2020-03-12', 3, NULL),
	(1443, 268, '11:28:14', '2020-03-12', 3, NULL),
	(1444, 268, '11:32:04', '2020-03-12', 3, NULL),
	(1445, 268, '11:32:11', '2020-03-12', 3, NULL),
	(1446, 268, '11:32:14', '2020-03-12', 3, NULL),
	(1447, 268, '11:32:20', '2020-03-12', 3, NULL),
	(1448, 268, '11:32:23', '2020-03-12', 3, NULL),
	(1449, 268, '11:32:27', '2020-03-12', 3, NULL),
	(1450, 268, '11:32:33', '2020-03-12', 3, NULL),
	(1451, 268, '11:32:38', '2020-03-12', 3, NULL),
	(1452, 268, '11:32:44', '2020-03-12', 3, NULL),
	(1453, 268, '11:32:50', '2020-03-12', 3, NULL),
	(1454, 268, '11:32:56', '2020-03-12', 3, NULL),
	(1455, 106, '11:33:03', '2020-03-12', 3, NULL),
	(1456, 268, '11:33:04', '2020-03-12', 3, NULL),
	(1457, 268, '11:33:10', '2020-03-12', 3, NULL),
	(1458, 268, '11:33:14', '2020-03-12', 3, NULL),
	(1459, 268, '11:33:18', '2020-03-12', 3, NULL),
	(1460, 268, '11:33:25', '2020-03-12', 3, NULL),
	(1461, 200, '11:35:35', '2020-03-12', 1, NULL),
	(1462, 200, '11:39:57', '2020-03-12', 1, NULL),
	(1463, 270, '11:40:00', '2020-03-12', 1, NULL),
	(1464, 200, '11:54:35', '2020-03-12', 1, NULL),
	(1465, 200, '11:56:06', '2020-03-12', 3, NULL),
	(1466, 200, '11:56:17', '2020-03-12', 3, NULL),
	(1467, 268, '11:56:20', '2020-03-12', 3, NULL),
	(1468, 200, '12:05:10', '2020-03-12', 3, NULL),
	(1469, 268, '12:05:16', '2020-03-12', 3, NULL),
	(1470, 268, '12:05:20', '2020-03-12', 3, NULL),
	(1471, 268, '12:05:25', '2020-03-12', 3, NULL),
	(1472, 268, '12:05:30', '2020-03-12', 3, NULL),
	(1473, 268, '12:05:36', '2020-03-12', 3, NULL),
	(1474, 268, '12:05:41', '2020-03-12', 3, NULL),
	(1475, 268, '12:05:46', '2020-03-12', 3, NULL),
	(1476, 268, '12:05:51', '2020-03-12', 3, NULL),
	(1477, 268, '12:05:58', '2020-03-12', 3, NULL),
	(1478, 268, '12:06:01', '2020-03-12', 3, NULL),
	(1479, 268, '12:06:05', '2020-03-12', 3, NULL),
	(1480, 268, '12:06:09', '2020-03-12', 3, NULL),
	(1481, 268, '12:07:19', '2020-03-12', 3, NULL),
	(1482, 268, '12:07:24', '2020-03-12', 3, NULL),
	(1483, 268, '12:07:31', '2020-03-12', 3, NULL),
	(1484, 268, '12:07:35', '2020-03-12', 3, NULL),
	(1485, 268, '12:07:40', '2020-03-12', 3, NULL),
	(1486, 268, '12:07:44', '2020-03-12', 3, NULL),
	(1487, 268, '12:07:49', '2020-03-12', 3, NULL),
	(1488, 268, '12:07:55', '2020-03-12', 3, NULL),
	(1489, 268, '12:08:00', '2020-03-12', 3, NULL),
	(1490, 268, '12:08:04', '2020-03-12', 3, NULL),
	(1491, 268, '12:08:11', '2020-03-12', 3, NULL),
	(1492, 268, '12:08:14', '2020-03-12', 3, NULL),
	(1493, 268, '12:08:19', '2020-03-12', 3, NULL),
	(1494, 268, '12:08:25', '2020-03-12', 3, NULL),
	(1495, 268, '12:08:29', '2020-03-12', 3, NULL),
	(1496, 268, '12:47:04', '2020-03-12', 3, NULL),
	(1497, 268, '12:47:10', '2020-03-12', 3, NULL),
	(1498, 268, '12:47:16', '2020-03-12', 3, NULL),
	(1499, 268, '12:47:19', '2020-03-12', 3, NULL),
	(1500, 268, '12:47:25', '2020-03-12', 3, NULL),
	(1501, 268, '12:47:29', '2020-03-12', 3, NULL),
	(1502, 268, '12:47:35', '2020-03-12', 3, NULL),
	(1503, 268, '12:47:41', '2020-03-12', 3, NULL),
	(1504, 268, '12:47:46', '2020-03-12', 3, NULL),
	(1505, 268, '12:47:51', '2020-03-12', 3, NULL),
	(1506, 268, '12:47:55', '2020-03-12', 3, NULL),
	(1507, 268, '12:47:59', '2020-03-12', 3, NULL),
	(1508, 268, '12:48:07', '2020-03-12', 3, NULL),
	(1509, 382, '12:48:11', '2020-03-12', 3, NULL),
	(1510, 268, '12:49:20', '2020-03-12', 3, NULL),
	(1511, 268, '12:49:26', '2020-03-12', 3, NULL),
	(1512, 106, '12:49:35', '2020-03-12', 3, NULL),
	(1513, 268, '12:49:36', '2020-03-12', 3, NULL),
	(1514, 268, '12:49:40', '2020-03-12', 3, NULL),
	(1515, 268, '12:49:45', '2020-03-12', 3, NULL),
	(1516, 268, '12:49:50', '2020-03-12', 3, NULL),
	(1517, 268, '12:49:54', '2020-03-12', 3, NULL),
	(1518, 268, '12:49:58', '2020-03-12', 3, NULL),
	(1519, 268, '12:50:09', '2020-03-12', 3, NULL),
	(1520, 268, '12:50:13', '2020-03-12', 3, NULL),
	(1521, 268, '12:50:14', '2020-03-12', 3, NULL),
	(1522, 268, '12:50:20', '2020-03-12', 3, NULL),
	(1523, 268, '12:50:24', '2020-03-12', 3, NULL),
	(1524, 268, '12:50:29', '2020-03-12', 3, NULL),
	(1525, 268, '12:51:41', '2020-03-12', 3, NULL),
	(1526, 268, '12:51:47', '2020-03-12', 3, NULL),
	(1527, 268, '12:51:49', '2020-03-12', 3, NULL),
	(1528, 268, '12:51:56', '2020-03-12', 3, NULL),
	(1529, 268, '12:52:01', '2020-03-12', 3, NULL),
	(1530, 268, '12:52:06', '2020-03-12', 3, NULL),
	(1531, 268, '12:52:10', '2020-03-12', 3, NULL),
	(1532, 268, '12:52:15', '2020-03-12', 3, NULL),
	(1533, 268, '12:52:20', '2020-03-12', 3, NULL),
	(1534, 268, '12:52:26', '2020-03-12', 3, NULL),
	(1535, 268, '12:52:30', '2020-03-12', 3, NULL),
	(1536, 268, '12:52:36', '2020-03-12', 3, NULL),
	(1537, 268, '12:52:40', '2020-03-12', 3, NULL),
	(1538, 268, '12:53:51', '2020-03-12', 3, NULL),
	(1539, 268, '12:53:56', '2020-03-12', 3, NULL),
	(1540, 268, '12:54:00', '2020-03-12', 3, NULL),
	(1541, 268, '12:54:05', '2020-03-12', 3, NULL),
	(1542, 268, '12:54:11', '2020-03-12', 3, NULL),
	(1543, 268, '12:54:15', '2020-03-12', 3, NULL),
	(1544, 200, '14:46:07', '2020-03-12', 1, NULL),
	(1545, 200, '14:52:18', '2020-03-12', 3, NULL),
	(1546, 200, '17:37:30', '2020-03-12', 4, NULL),
	(1547, 268, '17:37:34', '2020-03-12', 4, NULL),
	(1548, 200, '18:59:53', '2020-03-12', 1, NULL),
	(1549, 200, '19:10:44', '2020-03-12', 3, NULL),
	(1550, 200, '00:23:20', '2020-03-13', 1, NULL),
	(1551, 200, '00:26:33', '2020-03-13', 1, NULL),
	(1552, 270, '00:26:37', '2020-03-13', 1, NULL),
	(1553, 200, '11:02:24', '2020-03-13', 1, NULL),
	(1554, 200, '11:06:13', '2020-03-13', 3, NULL),
	(1555, 268, '11:06:15', '2020-03-13', 3, NULL),
	(1556, 268, '11:21:59', '2020-03-13', 3, NULL),
	(1557, 268, '11:22:05', '2020-03-13', 3, NULL),
	(1558, 268, '11:22:08', '2020-03-13', 3, NULL),
	(1559, 268, '11:22:12', '2020-03-13', 3, NULL),
	(1560, 268, '11:22:18', '2020-03-13', 3, NULL),
	(1561, 268, '11:22:26', '2020-03-13', 3, NULL),
	(1562, 268, '11:22:30', '2020-03-13', 3, NULL),
	(1563, 268, '11:22:33', '2020-03-13', 3, NULL),
	(1564, 268, '11:22:38', '2020-03-13', 3, NULL),
	(1565, 268, '11:22:43', '2020-03-13', 3, NULL),
	(1566, 268, '11:22:48', '2020-03-13', 3, NULL),
	(1567, 268, '11:22:53', '2020-03-13', 3, NULL),
	(1568, 303, '11:27:08', '2020-03-13', 3, NULL),
	(1569, 303, '11:27:13', '2020-03-13', 3, NULL),
	(1570, 303, '11:27:19', '2020-03-13', 3, NULL),
	(1571, 303, '11:27:23', '2020-03-13', 3, NULL),
	(1572, 303, '11:27:31', '2020-03-13', 3, NULL),
	(1573, 303, '11:27:37', '2020-03-13', 3, NULL),
	(1574, 303, '11:27:40', '2020-03-13', 3, NULL),
	(1575, 303, '11:27:47', '2020-03-13', 3, NULL),
	(1576, 200, '11:27:52', '2020-03-13', 3, NULL),
	(1577, 268, '11:27:56', '2020-03-13', 3, NULL),
	(1578, 268, '11:28:00', '2020-03-13', 3, NULL),
	(1579, 268, '11:28:03', '2020-03-13', 3, NULL),
	(1580, 268, '11:29:14', '2020-03-13', 3, NULL),
	(1581, 268, '11:29:20', '2020-03-13', 3, NULL),
	(1582, 268, '11:29:23', '2020-03-13', 3, NULL),
	(1583, 268, '11:29:28', '2020-03-13', 3, NULL),
	(1584, 268, '11:29:33', '2020-03-13', 3, NULL),
	(1585, 268, '11:29:38', '2020-03-13', 3, NULL),
	(1586, 268, '11:29:42', '2020-03-13', 3, NULL),
	(1587, 268, '11:29:48', '2020-03-13', 3, NULL),
	(1588, 268, '11:29:57', '2020-03-13', 3, NULL),
	(1589, 268, '11:30:02', '2020-03-13', 3, NULL),
	(1590, 268, '11:30:06', '2020-03-13', 3, NULL),
	(1591, 268, '11:30:10', '2020-03-13', 3, NULL),
	(1592, 268, '11:30:16', '2020-03-13', 3, NULL),
	(1593, 268, '11:30:21', '2020-03-13', 3, NULL),
	(1594, 268, '11:30:25', '2020-03-13', 3, NULL),
	(1595, 268, '11:30:29', '2020-03-13', 3, NULL),
	(1596, 268, '11:30:33', '2020-03-13', 3, NULL),
	(1597, 268, '11:30:38', '2020-03-13', 3, NULL),
	(1598, 268, '11:30:43', '2020-03-13', 3, NULL),
	(1599, 268, '11:31:53', '2020-03-13', 3, NULL),
	(1600, 268, '11:31:57', '2020-03-13', 3, NULL),
	(1601, 268, '11:32:03', '2020-03-13', 3, NULL),
	(1602, 268, '11:32:08', '2020-03-13', 3, NULL),
	(1603, 268, '11:32:13', '2020-03-13', 3, NULL),
	(1604, 268, '11:32:18', '2020-03-13', 3, NULL),
	(1605, 268, '11:32:24', '2020-03-13', 3, NULL),
	(1606, 268, '11:32:28', '2020-03-13', 3, NULL),
	(1607, 268, '11:32:34', '2020-03-13', 3, NULL),
	(1608, 268, '11:32:39', '2020-03-13', 3, NULL),
	(1609, 268, '11:32:43', '2020-03-13', 3, NULL),
	(1610, 268, '11:32:48', '2020-03-13', 3, NULL),
	(1611, 268, '11:32:57', '2020-03-13', 3, NULL),
	(1612, 268, '11:33:02', '2020-03-13', 3, NULL),
	(1613, 268, '11:33:06', '2020-03-13', 3, NULL),
	(1614, 268, '11:33:10', '2020-03-13', 3, NULL),
	(1615, 268, '11:33:14', '2020-03-13', 3, NULL),
	(1616, 268, '11:33:18', '2020-03-13', 3, NULL),
	(1617, 268, '11:34:32', '2020-03-13', 3, NULL),
	(1618, 268, '11:34:35', '2020-03-13', 3, NULL),
	(1619, 268, '11:34:38', '2020-03-13', 3, NULL),
	(1620, 268, '11:34:43', '2020-03-13', 3, NULL),
	(1621, 268, '11:34:48', '2020-03-13', 3, NULL),
	(1622, 268, '11:34:54', '2020-03-13', 3, NULL),
	(1623, 268, '11:35:01', '2020-03-13', 3, NULL),
	(1624, 268, '11:35:07', '2020-03-13', 3, NULL),
	(1625, 268, '11:35:12', '2020-03-13', 3, NULL),
	(1626, 268, '11:35:15', '2020-03-13', 3, NULL),
	(1627, 268, '11:35:21', '2020-03-13', 3, NULL),
	(1628, 268, '11:35:25', '2020-03-13', 3, NULL),
	(1629, 268, '11:36:36', '2020-03-13', 3, NULL),
	(1630, 268, '11:36:38', '2020-03-13', 3, NULL),
	(1631, 268, '11:36:43', '2020-03-13', 3, NULL),
	(1632, 268, '11:36:48', '2020-03-13', 3, NULL),
	(1633, 268, '11:36:53', '2020-03-13', 3, NULL),
	(1634, 268, '11:36:59', '2020-03-13', 3, NULL),
	(1635, 268, '11:37:04', '2020-03-13', 3, NULL),
	(1636, 268, '11:37:08', '2020-03-13', 3, NULL),
	(1637, 268, '11:37:13', '2020-03-13', 3, NULL),
	(1638, 268, '11:37:21', '2020-03-13', 3, NULL),
	(1639, 268, '11:37:26', '2020-03-13', 3, NULL),
	(1640, 268, '11:37:30', '2020-03-13', 3, NULL),
	(1641, 268, '11:38:39', '2020-03-13', 3, NULL),
	(1642, 268, '11:38:43', '2020-03-13', 3, NULL),
	(1643, 268, '11:38:47', '2020-03-13', 3, NULL),
	(1644, 268, '11:38:54', '2020-03-13', 3, NULL),
	(1645, 268, '11:38:57', '2020-03-13', 3, NULL),
	(1646, 268, '11:39:02', '2020-03-13', 3, NULL),
	(1647, 268, '11:39:07', '2020-03-13', 3, NULL),
	(1648, 268, '11:39:12', '2020-03-13', 3, NULL),
	(1649, 268, '11:39:17', '2020-03-13', 3, NULL),
	(1650, 268, '11:39:22', '2020-03-13', 3, NULL),
	(1651, 268, '11:39:31', '2020-03-13', 3, NULL),
	(1652, 268, '11:39:34', '2020-03-13', 3, NULL),
	(1653, 268, '11:40:43', '2020-03-13', 3, NULL),
	(1654, 268, '11:40:48', '2020-03-13', 3, NULL),
	(1655, 268, '11:40:52', '2020-03-13', 3, NULL),
	(1656, 268, '11:40:58', '2020-03-13', 3, NULL),
	(1657, 268, '11:41:02', '2020-03-13', 3, NULL),
	(1658, 268, '11:41:07', '2020-03-13', 3, NULL),
	(1659, 268, '11:41:12', '2020-03-13', 3, NULL),
	(1660, 268, '11:41:17', '2020-03-13', 3, NULL),
	(1661, 268, '11:41:23', '2020-03-13', 3, NULL),
	(1662, 268, '11:41:27', '2020-03-13', 3, NULL),
	(1663, 268, '11:41:32', '2020-03-13', 3, NULL),
	(1664, 268, '11:41:38', '2020-03-13', 3, NULL),
	(1665, 268, '11:42:47', '2020-03-13', 3, NULL),
	(1666, 268, '11:42:52', '2020-03-13', 3, NULL),
	(1667, 268, '11:43:01', '2020-03-13', 3, NULL),
	(1668, 268, '11:43:04', '2020-03-13', 3, NULL),
	(1669, 268, '11:43:08', '2020-03-13', 3, NULL),
	(1670, 268, '11:43:15', '2020-03-13', 3, NULL),
	(1671, 268, '11:43:20', '2020-03-13', 3, NULL),
	(1672, 268, '11:43:24', '2020-03-13', 3, NULL),
	(1673, 268, '11:43:28', '2020-03-13', 3, NULL),
	(1674, 268, '11:43:35', '2020-03-13', 3, NULL),
	(1675, 268, '11:43:40', '2020-03-13', 3, NULL),
	(1676, 268, '11:43:45', '2020-03-13', 3, NULL),
	(1677, 268, '11:44:52', '2020-03-13', 3, NULL),
	(1678, 268, '11:44:57', '2020-03-13', 3, NULL),
	(1679, 268, '11:45:03', '2020-03-13', 3, NULL),
	(1680, 268, '11:45:07', '2020-03-13', 3, NULL),
	(1681, 268, '11:45:12', '2020-03-13', 3, NULL),
	(1682, 268, '11:45:18', '2020-03-13', 3, NULL),
	(1683, 268, '11:45:22', '2020-03-13', 3, NULL),
	(1684, 268, '11:45:27', '2020-03-13', 3, NULL),
	(1685, 268, '11:45:32', '2020-03-13', 3, NULL),
	(1686, 268, '11:45:37', '2020-03-13', 3, NULL),
	(1687, 268, '11:45:42', '2020-03-13', 3, NULL),
	(1688, 268, '11:46:55', '2020-03-13', 3, NULL),
	(1689, 268, '11:46:57', '2020-03-13', 3, NULL),
	(1690, 268, '11:47:03', '2020-03-13', 3, NULL),
	(1691, 268, '11:47:07', '2020-03-13', 3, NULL),
	(1692, 268, '11:47:15', '2020-03-13', 3, NULL),
	(1693, 268, '11:47:20', '2020-03-13', 3, NULL),
	(1694, 268, '11:47:24', '2020-03-13', 3, NULL),
	(1695, 268, '11:47:30', '2020-03-13', 3, NULL),
	(1696, 268, '11:47:34', '2020-03-13', 3, NULL),
	(1697, 268, '11:47:39', '2020-03-13', 3, NULL),
	(1698, 268, '11:47:43', '2020-03-13', 3, NULL),
	(1699, 268, '11:47:48', '2020-03-13', 3, NULL),
	(1700, 268, '11:48:58', '2020-03-13', 3, NULL),
	(1701, 268, '11:49:07', '2020-03-13', 3, NULL),
	(1702, 268, '11:49:12', '2020-03-13', 3, NULL),
	(1703, 268, '11:49:14', '2020-03-13', 3, NULL),
	(1704, 268, '11:49:19', '2020-03-13', 3, NULL),
	(1705, 268, '11:49:23', '2020-03-13', 3, NULL),
	(1706, 268, '11:49:30', '2020-03-13', 3, NULL),
	(1707, 268, '11:49:34', '2020-03-13', 3, NULL),
	(1708, 268, '11:49:37', '2020-03-13', 3, NULL),
	(1709, 268, '11:49:42', '2020-03-13', 3, NULL),
	(1710, 268, '11:49:48', '2020-03-13', 3, NULL),
	(1711, 268, '11:49:53', '2020-03-13', 3, NULL),
	(1712, 268, '11:50:00', '2020-03-13', 3, NULL),
	(1713, 268, '11:51:07', '2020-03-13', 3, NULL),
	(1714, 268, '11:51:11', '2020-03-13', 3, NULL),
	(1715, 268, '11:51:16', '2020-03-13', 3, NULL),
	(1716, 268, '11:51:22', '2020-03-13', 3, NULL),
	(1717, 268, '11:51:27', '2020-03-13', 3, NULL),
	(1718, 268, '11:51:32', '2020-03-13', 3, NULL),
	(1719, 268, '11:51:36', '2020-03-13', 3, NULL),
	(1720, 268, '11:51:43', '2020-03-13', 3, NULL),
	(1721, 268, '11:51:47', '2020-03-13', 3, NULL),
	(1722, 268, '11:51:52', '2020-03-13', 3, NULL),
	(1723, 268, '11:51:57', '2020-03-13', 3, NULL),
	(1724, 268, '11:52:04', '2020-03-13', 3, NULL),
	(1725, 268, '11:52:08', '2020-03-13', 3, NULL),
	(1726, 200, '11:52:15', '2020-03-13', 3, NULL),
	(1727, 268, '11:53:23', '2020-03-13', 3, NULL),
	(1728, 268, '11:53:27', '2020-03-13', 3, NULL),
	(1729, 268, '11:53:32', '2020-03-13', 3, NULL),
	(1730, 268, '11:53:37', '2020-03-13', 3, NULL),
	(1731, 268, '11:53:42', '2020-03-13', 3, NULL),
	(1732, 268, '11:53:46', '2020-03-13', 3, NULL),
	(1733, 268, '11:53:52', '2020-03-13', 3, NULL),
	(1734, 268, '11:53:58', '2020-03-13', 3, NULL),
	(1735, 268, '11:54:04', '2020-03-13', 3, NULL),
	(1736, 268, '11:54:07', '2020-03-13', 3, NULL),
	(1737, 268, '11:54:12', '2020-03-13', 3, NULL),
	(1738, 268, '11:54:16', '2020-03-13', 3, NULL),
	(1739, 268, '11:54:24', '2020-03-13', 3, NULL),
	(1740, 268, '11:54:30', '2020-03-13', 3, NULL),
	(1741, 268, '11:54:35', '2020-03-13', 3, NULL),
	(1742, 268, '11:54:39', '2020-03-13', 3, NULL),
	(1743, 268, '11:55:47', '2020-03-13', 3, NULL),
	(1744, 268, '11:55:52', '2020-03-13', 3, NULL),
	(1745, 268, '11:55:59', '2020-03-13', 3, NULL),
	(1746, 268, '11:56:03', '2020-03-13', 3, NULL),
	(1747, 268, '11:56:09', '2020-03-13', 3, NULL),
	(1748, 268, '11:56:13', '2020-03-13', 3, NULL),
	(1749, 268, '11:56:18', '2020-03-13', 3, NULL),
	(1750, 268, '11:56:24', '2020-03-13', 3, NULL),
	(1751, 268, '11:56:29', '2020-03-13', 3, NULL),
	(1752, 268, '11:56:32', '2020-03-13', 3, NULL),
	(1753, 268, '11:56:37', '2020-03-13', 3, NULL),
	(1754, 268, '11:56:43', '2020-03-13', 3, NULL),
	(1755, 268, '11:57:54', '2020-03-13', 3, NULL),
	(1756, 268, '11:58:04', '2020-03-13', 4, NULL),
	(1757, 268, '11:58:04', '2020-03-13', 4, NULL),
	(1758, 200, '11:58:12', '2020-03-13', 4, NULL),
	(1759, 268, '11:58:16', '2020-03-13', 4, NULL),
	(1760, 200, '11:58:20', '2020-03-13', 1, NULL),
	(1761, 200, '11:58:49', '2020-03-13', 1, NULL),
	(1762, 270, '11:58:55', '2020-03-13', 1, NULL),
	(1763, 200, '12:03:27', '2020-03-13', 1, NULL),
	(1764, 270, '12:03:32', '2020-03-13', 1, NULL),
	(1765, 200, '12:24:07', '2020-03-13', 1, NULL),
	(1766, 200, '13:07:04', '2020-03-13', 1, NULL),
	(1767, 200, '13:26:06', '2020-03-13', 1, NULL),
	(1768, 270, '13:26:09', '2020-03-13', 1, NULL),
	(1769, 200, '13:38:00', '2020-03-13', 1, NULL),
	(1770, 200, '13:53:09', '2020-03-13', 3, NULL),
	(1771, 268, '13:53:16', '2020-03-13', 3, NULL),
	(1772, 200, '14:24:49', '2020-03-13', 1, NULL),
	(1773, 200, '14:38:33', '2020-03-13', 3, NULL),
	(1774, 268, '14:38:41', '2020-03-13', 3, NULL),
	(1775, 268, '14:38:48', '2020-03-13', 3, NULL),
	(1776, 268, '14:38:52', '2020-03-13', 3, NULL),
	(1777, 268, '14:38:56', '2020-03-13', 3, NULL),
	(1778, 268, '14:38:59', '2020-03-13', 3, NULL),
	(1779, 268, '14:39:06', '2020-03-13', 3, NULL),
	(1780, 268, '14:39:10', '2020-03-13', 3, NULL),
	(1781, 268, '14:39:14', '2020-03-13', 3, NULL),
	(1782, 268, '14:39:18', '2020-03-13', 3, NULL),
	(1783, 268, '14:39:26', '2020-03-13', 3, NULL),
	(1784, 268, '14:40:35', '2020-03-13', 4, NULL),
	(1785, 200, '14:40:41', '2020-03-13', 4, NULL),
	(1786, 268, '14:40:47', '2020-03-13', 4, NULL),
	(1787, 200, '14:53:06', '2020-03-13', 1, NULL),
	(1788, 270, '14:53:10', '2020-03-13', 1, NULL),
	(1789, 200, '15:00:48', '2020-03-13', 1, NULL),
	(1790, 200, '15:04:01', '2020-03-13', 3, NULL),
	(1791, 268, '15:32:58', '2020-03-13', 4, NULL),
	(1792, 200, '15:33:03', '2020-03-13', 4, NULL),
	(1793, 200, '15:33:13', '2020-03-13', 1, NULL),
	(1794, 200, '15:33:13', '2020-03-13', 1, NULL),
	(1795, 200, '15:40:51', '2020-03-13', 1, NULL),
	(1796, 200, '15:41:30', '2020-03-13', 1, NULL),
	(1797, 200, '15:46:58', '2020-03-13', 3, NULL),
	(1798, 268, '15:46:58', '2020-03-13', 3, NULL),
	(1799, 268, '16:16:04', '2020-03-13', 3, NULL),
	(1800, 200, '17:44:59', '2020-03-25', 1, 53),
	(1801, 270, '17:45:02', '2020-03-25', 1, 53),
	(1802, 200, '18:05:08', '2020-03-25', 3, 53),
	(1803, 268, '18:05:10', '2020-03-25', 3, 53),
	(1804, 268, '18:05:13', '2020-03-25', 3, 53),
	(1805, 200, '18:20:52', '2020-03-25', 3, 53),
	(1806, 268, '18:21:00', '2020-03-25', 3, 53),
	(1807, 6, '18:21:01', '2020-03-25', 6, 53),
	(1808, 200, '21:48:01', '2020-03-25', 1, 53),
	(1809, 270, '21:48:04', '2020-03-25', 1, 53),
	(1810, 6, '21:50:01', '2020-03-25', 6, 53),
	(1811, 200, '21:52:49', '2020-03-25', 1, 53),
	(1812, 270, '21:52:53', '2020-03-25', 1, 53),
	(1813, 6, '21:55:50', '2020-03-25', 6, 53),
	(1814, 200, '21:57:16', '2020-03-25', 1, 53),
	(1815, 270, '21:57:18', '2020-03-25', 1, 53),
	(1816, 6, '22:05:51', '2020-03-25', 6, 53),
	(1817, 200, '22:06:15', '2020-03-25', 1, 53),
	(1818, 6, '22:15:36', '2020-03-25', 6, 53),
	(1819, 200, '22:16:27', '2020-03-25', 1, 53),
	(1820, 6, '22:26:15', '2020-03-25', 6, 53),
	(1821, 200, '23:25:34', '2020-03-25', 1, 53),
	(1822, 270, '23:25:37', '2020-03-25', 1, 53),
	(1823, 6, '23:51:59', '2020-03-25', 6, 53),
	(1824, 200, '00:09:47', '2020-03-26', 1, 53),
	(1825, 6, '00:20:35', '2020-03-26', 6, 53),
	(1826, 200, '00:36:57', '2020-03-26', 1, 53),
	(1827, 6, '00:40:46', '2020-03-26', 6, 53),
	(1828, 200, '00:49:38', '2020-03-26', 1, 53),
	(1829, 270, '00:49:42', '2020-03-26', 1, 53),
	(1830, 6, '00:56:52', '2020-03-26', 6, 53),
	(1831, 200, '01:05:13', '2020-03-26', 1, 53),
	(1832, 270, '01:05:16', '2020-03-26', 1, 53),
	(1833, 6, '01:10:01', '2020-03-26', 6, 53),
	(1834, 200, '01:15:56', '2020-03-26', 1, 53),
	(1835, 6, '01:22:23', '2020-03-26', 6, 53),
	(1836, 200, '01:26:23', '2020-03-26', 1, 53),
	(1837, 200, '01:47:55', '2020-03-26', 1, 53),
	(1838, 270, '01:47:59', '2020-03-26', 1, 53),
	(1839, 200, '02:40:14', '2020-03-26', 3, 53),
	(1840, 268, '02:40:19', '2020-03-26', 3, 53),
	(1841, 200, '10:05:20', '2020-03-26', 4, 53),
	(1842, 268, '10:05:25', '2020-03-26', 4, 53),
	(1843, 200, '10:05:31', '2020-03-26', 1, 53),
	(1844, 200, '10:05:47', '2020-03-26', 1, 53),
	(1845, 270, '10:05:53', '2020-03-26', 1, 53),
	(1846, 200, '10:16:55', '2020-03-26', 3, 53),
	(1847, 268, '10:17:01', '2020-03-26', 3, 53),
	(1848, 6, '10:21:32', '2020-03-26', 6, 53),
	(1849, 200, '10:23:06', '2020-03-26', 1, 53),
	(1850, 6, '10:26:04', '2020-03-26', 6, 53),
	(1851, 200, '10:33:20', '2020-03-26', 1, 53),
	(1852, 200, '10:41:22', '2020-03-26', 3, 53),
	(1853, 200, '14:20:23', '2020-03-26', 1, 53),
	(1854, 270, '14:20:24', '2020-03-26', 1, 53),
	(1855, 6, '15:24:23', '2020-03-26', 6, 53),
	(1856, 6, '15:24:23', '2020-03-26', 6, 53),
	(1857, 200, '15:54:38', '2020-03-26', 1, 53),
	(1858, 270, '15:54:43', '2020-03-26', 1, 53),
	(1859, 200, '15:56:20', '2020-03-26', 3, 53),
	(1860, 268, '15:56:23', '2020-03-26', 3, 53),
	(1861, 200, '21:49:50', '2020-03-26', 1, 53),
	(1862, 6, '21:59:56', '2020-03-26', 6, 53),
	(1863, 200, '22:08:00', '2020-03-26', 1, 53),
	(1864, 6, '22:22:34', '2020-03-26', 6, 53),
	(1865, 200, '01:39:39', '2020-03-27', 1, 53),
	(1866, 6, '01:55:05', '2020-03-27', 6, 53),
	(1867, 200, '01:58:53', '2020-03-27', 1, 53),
	(1868, 270, '01:58:58', '2020-03-27', 1, 53),
	(1869, 6, '02:00:03', '2020-03-27', 6, 53),
	(1870, 200, '04:51:05', '2020-03-27', 1, 53),
	(1871, 270, '04:51:08', '2020-03-27', 1, 53),
	(1872, 6, '04:51:17', '2020-03-27', 6, 53),
	(1873, 200, '04:52:25', '2020-03-27', 1, 53),
	(1874, 6, '04:55:36', '2020-03-27', 6, 53),
	(1875, 200, '05:00:56', '2020-03-27', 1, 53),
	(1876, 6, '05:01:01', '2020-03-27', 6, 53),
	(1877, 200, '05:01:13', '2020-03-27', 1, 53),
	(1878, 270, '05:01:17', '2020-03-27', 1, 53),
	(1879, 6, '05:17:05', '2020-03-27', 6, 53),
	(1880, 200, '05:20:44', '2020-03-27', 1, 53),
	(1881, 6, '05:20:50', '2020-03-27', 6, 53),
	(1882, 200, '05:20:56', '2020-03-27', 1, 53),
	(1883, 6, '05:36:06', '2020-03-27', 6, 53),
	(1884, 200, '05:36:17', '2020-03-27', 1, 53),
	(1885, 6, '05:52:06', '2020-03-27', 6, 53),
	(1886, 200, '05:52:11', '2020-03-27', 1, 53),
	(1887, 6, '06:00:52', '2020-03-27', 6, 53),
	(1888, 200, '06:50:35', '2020-03-27', 1, 53),
	(1889, 6, '06:50:40', '2020-03-27', 6, 53),
	(1890, 200, '06:50:48', '2020-03-27', 1, 53),
	(1891, 6, '07:00:04', '2020-03-27', 6, 53),
	(1892, 200, '07:11:58', '2020-03-27', 1, 53),
	(1893, 270, '07:12:00', '2020-03-27', 1, 53),
	(1894, 6, '07:17:06', '2020-03-27', 6, 53),
	(1895, 200, '07:45:27', '2020-03-27', 1, 53),
	(1896, 6, '07:45:31', '2020-03-27', 6, 53),
	(1897, 200, '07:45:38', '2020-03-27', 1, 53),
	(1898, 6, '08:00:03', '2020-03-27', 6, 53),
	(1899, 200, '08:00:09', '2020-03-27', 1, 53),
	(1900, 270, '08:00:13', '2020-03-27', 1, 53),
	(1901, 6, '08:20:50', '2020-03-27', 6, 53),
	(1902, 200, '08:26:16', '2020-03-27', 1, 53),
	(1903, 270, '08:26:19', '2020-03-27', 1, 53),
	(1904, 6, '08:26:23', '2020-03-27', 6, 53),
	(1905, 200, '08:26:31', '2020-03-27', 1, 53),
	(1906, 270, '08:26:35', '2020-03-27', 1, 53),
	(1907, 6, '08:43:32', '2020-03-27', 6, 53),
	(1908, 200, '10:09:39', '2020-03-27', 1, 53),
	(1909, 270, '10:09:40', '2020-03-27', 1, 53),
	(1910, 6, '10:18:10', '2020-03-27', 6, 53),
	(1911, 200, '10:18:34', '2020-03-27', 1, 53),
	(1912, 6, '10:49:07', '2020-03-27', 6, 53),
	(1913, 200, '10:49:16', '2020-03-27', 1, 53),
	(1914, 270, '10:49:20', '2020-03-27', 1, 53),
	(1915, 6, '11:00:05', '2020-03-27', 6, 53),
	(1916, 200, '11:00:11', '2020-03-27', 1, 53),
	(1917, 6, '11:00:17', '2020-03-27', 6, 53),
	(1918, 200, '11:00:24', '2020-03-27', 1, 53),
	(1919, 270, '11:00:28', '2020-03-27', 1, 53),
	(1920, 6, '11:08:33', '2020-03-27', 6, 53),
	(1921, 200, '11:30:00', '2020-03-27', 1, 53),
	(1922, 270, '11:30:06', '2020-03-27', 1, 53),
	(1923, 6, '11:33:11', '2020-03-27', 6, 53),
	(1924, 200, '11:34:27', '2020-03-27', 1, 53),
	(1925, 270, '11:34:32', '2020-03-27', 1, 53),
	(1926, 6, '11:38:39', '2020-03-27', 6, 53),
	(1927, 6, '11:38:39', '2020-03-27', 6, 53),
	(1928, 200, '11:56:58', '2020-03-27', 1, 53),
	(1929, 6, '11:57:02', '2020-03-27', 6, 53),
	(1930, 200, '11:57:09', '2020-03-27', 1, 53),
	(1931, 270, '11:57:14', '2020-03-27', 1, 53),
	(1932, 6, '11:57:30', '2020-03-27', 6, 53),
	(1933, 200, '12:05:24', '2020-03-27', 1, 53),
	(1934, 270, '12:05:27', '2020-03-27', 1, 53),
	(1935, 6, '12:21:27', '2020-03-27', 6, 53),
	(1936, 6, '12:21:27', '2020-03-27', 6, 53),
	(1937, 200, '12:21:32', '2020-03-27', 1, 53),
	(1938, 270, '12:21:36', '2020-03-27', 1, 53),
	(1939, 6, '12:26:27', '2020-03-27', 6, 53),
	(1940, 200, '12:29:08', '2020-03-27', 1, 53),
	(1941, 270, '12:29:14', '2020-03-27', 1, 53),
	(1942, 6, '12:45:30', '2020-03-27', 6, 53),
	(1943, 6, '12:45:30', '2020-03-27', 6, 53),
	(1944, 200, '12:45:55', '2020-03-27', 1, 53),
	(1945, 270, '12:45:59', '2020-03-27', 1, 53),
	(1946, 6, '12:47:49', '2020-03-27', 6, 53),
	(1947, 200, '12:52:01', '2020-03-27', 1, 53),
	(1948, 270, '12:52:04', '2020-03-27', 1, 53),
	(1949, 6, '13:00:21', '2020-03-27', 6, 53),
	(1950, 6, '13:00:22', '2020-03-27', 6, 53),
	(1951, 200, '13:00:34', '2020-03-27', 1, 53),
	(1952, 270, '13:00:39', '2020-03-27', 1, 53),
	(1953, 6, '13:00:41', '2020-03-27', 6, 53),
	(1954, 200, '13:00:48', '2020-03-27', 1, 53),
	(1955, 6, '13:16:07', '2020-03-27', 6, 53),
	(1956, 200, '13:41:08', '2020-03-27', 1, 53),
	(1957, 270, '13:41:12', '2020-03-27', 1, 53),
	(1958, 6, '13:41:46', '2020-03-27', 6, 53),
	(1959, 200, '13:43:53', '2020-03-27', 1, 53),
	(1960, 270, '13:43:58', '2020-03-27', 1, 53),
	(1961, 6, '13:44:41', '2020-03-27', 6, 53),
	(1962, 200, '13:45:00', '2020-03-27', 1, 53),
	(1963, 6, '13:53:36', '2020-03-27', 6, 53),
	(1964, 200, '14:00:50', '2020-03-27', 1, 53),
	(1965, 6, '14:00:54', '2020-03-27', 6, 53),
	(1966, 200, '14:01:03', '2020-03-27', 1, 53),
	(1967, 6, '14:17:06', '2020-03-27', 6, 53),
	(1968, 200, '16:37:09', '2020-03-27', 1, 53),
	(1969, 270, '16:37:12', '2020-03-27', 1, 53),
	(1970, 6, '16:41:50', '2020-03-27', 6, 53),
	(1971, 200, '16:42:04', '2020-03-27', 1, 53),
	(1972, 6, '16:46:19', '2020-03-27', 6, 53),
	(1973, 200, '20:40:01', '2020-03-27', 1, 53),
	(1974, 6, '20:56:09', '2020-03-27', 6, 53),
	(1975, 200, '21:27:51', '2020-03-27', 1, 53),
	(1976, 6, '21:38:40', '2020-03-27', 6, 53),
	(1977, 200, '21:41:22', '2020-03-27', 1, 53),
	(1978, 270, '21:41:24', '2020-03-27', 1, 53),
	(1979, 6, '21:52:19', '2020-03-27', 6, 53),
	(1980, 200, '22:19:10', '2020-03-27', 1, 53),
	(1981, 270, '22:19:15', '2020-03-27', 1, 53),
	(1982, 6, '22:19:31', '2020-03-27', 6, 53),
	(1983, 6, '22:19:32', '2020-03-27', 6, 53),
	(1984, 200, '23:40:11', '2020-03-27', 1, 53),
	(1985, 6, '23:56:07', '2020-03-27', 6, 53),
	(1986, 200, '00:18:10', '2020-03-28', 1, 53),
	(1987, 270, '00:18:12', '2020-03-28', 1, 53),
	(1988, 6, '00:35:06', '2020-03-28', 6, 53),
	(1989, 200, '01:27:58', '2020-03-28', 1, 53),
	(1990, 6, '01:28:04', '2020-03-28', 6, 53),
	(1991, 200, '01:31:05', '2020-03-28', 1, 53),
	(1992, 270, '01:31:09', '2020-03-28', 1, 53),
	(1993, 6, '01:47:06', '2020-03-28', 6, 53),
	(1994, 6, '01:47:06', '2020-03-28', 6, 53),
	(1995, 200, '01:59:02', '2020-03-28', 1, 53),
	(1996, 6, '02:00:03', '2020-03-28', 6, 53),
	(1997, 200, '02:06:16', '2020-03-28', 1, 53),
	(1998, 270, '02:06:19', '2020-03-28', 1, 53),
	(1999, 6, '02:06:32', '2020-03-28', 6, 53),
	(2000, 200, '02:09:41', '2020-03-28', 1, 53),
	(2001, 270, '02:09:46', '2020-03-28', 1, 53),
	(2002, 6, '02:25:07', '2020-03-28', 6, 53),
	(2003, 200, '02:29:46', '2020-03-28', 1, 53),
	(2004, 6, '02:33:32', '2020-03-28', 6, 53),
	(2005, 200, '03:09:45', '2020-03-28', 1, 53),
	(2006, 6, '03:09:49', '2020-03-28', 6, 53),
	(2007, 200, '03:10:17', '2020-03-28', 1, 53),
	(2008, 6, '03:26:05', '2020-03-28', 6, 53),
	(2009, 200, '03:26:14', '2020-03-28', 1, 53),
	(2010, 270, '03:26:16', '2020-03-28', 1, 53),
	(2011, 200, '03:28:14', '2020-03-28', 3, 53),
	(2012, 268, '03:28:19', '2020-03-28', 3, 53),
	(2013, 200, '03:49:06', '2020-03-28', 3, 53),
	(2014, 268, '03:49:10', '2020-03-28', 3, 53),
	(2015, 6, '03:49:14', '2020-03-28', 6, 53),
	(2016, 200, '06:00:53', '2020-03-28', 1, 53),
	(2017, 6, '06:00:58', '2020-03-28', 6, 53),
	(2018, 200, '06:01:12', '2020-03-28', 1, 53),
	(2019, 6, '06:02:53', '2020-03-28', 6, 53),
	(2020, 200, '06:49:20', '2020-03-28', 1, 53),
	(2021, 6, '07:00:09', '2020-03-28', 6, 53),
	(2022, 6, '07:00:10', '2020-03-28', 6, 53),
	(2023, 200, '07:12:58', '2020-03-28', 1, 53),
	(2024, 200, '07:20:00', '2020-03-28', 3, 53),
	(2025, 200, '08:01:26', '2020-03-28', 4, 53),
	(2026, 200, '08:04:08', '2020-03-28', 1, 53),
	(2027, 6, '08:04:44', '2020-03-28', 6, 53),
	(2028, 6, '08:04:45', '2020-03-28', 6, 53),
	(2029, 200, '08:36:18', '2020-03-28', 1, 53),
	(2030, 270, '08:36:23', '2020-03-28', 1, 53),
	(2031, 200, '08:48:02', '2020-03-28', 3, 53),
	(2032, 268, '08:48:03', '2020-03-28', 3, 53),
	(2033, 200, '08:53:27', '2020-03-28', 3, 53),
	(2034, 6, '08:53:34', '2020-03-28', 6, 53),
	(2035, 6, '08:53:34', '2020-03-28', 6, 53),
	(2036, 200, '10:52:52', '2020-03-28', 4, 53),
	(2037, 200, '10:53:23', '2020-03-28', 1, 53),
	(2038, 6, '10:56:06', '2020-03-28', 6, 53),
	(2039, 200, '11:01:48', '2020-03-28', 1, 53),
	(2040, 6, '11:01:53', '2020-03-28', 6, 53),
	(2041, 200, '11:02:20', '2020-03-28', 1, 53),
	(2042, 270, '11:02:24', '2020-03-28', 1, 53),
	(2043, 6, '11:08:41', '2020-03-28', 6, 53),
	(2044, 200, '12:31:21', '2020-03-28', 1, 53),
	(2045, 270, '12:31:22', '2020-03-28', 1, 53),
	(2046, 6, '12:47:05', '2020-03-28', 6, 53),
	(2047, 200, '12:57:58', '2020-03-28', 1, 53),
	(2048, 270, '12:58:02', '2020-03-28', 1, 53),
	(2049, 6, '12:58:06', '2020-03-28', 6, 53),
	(2050, 200, '12:59:38', '2020-03-28', 1, 53),
	(2051, 6, '13:00:05', '2020-03-28', 6, 53),
	(2052, 200, '13:00:25', '2020-03-28', 1, 53),
	(2053, 6, '13:00:30', '2020-03-28', 6, 53),
	(2054, 200, '13:00:40', '2020-03-28', 1, 53),
	(2055, 6, '13:16:07', '2020-03-28', 6, 53),
	(2056, 200, '13:16:14', '2020-03-28', 1, 53),
	(2057, 6, '13:41:55', '2020-03-28', 6, 53),
	(2058, 200, '15:55:58', '2020-03-28', 1, 53),
	(2059, 6, '16:00:09', '2020-03-28', 6, 53),
	(2060, 200, '16:00:28', '2020-03-28', 1, 53),
	(2061, 6, '16:08:19', '2020-03-28', 6, 53),
	(2062, 200, '16:14:05', '2020-03-28', 1, 53),
	(2063, 6, '16:25:51', '2020-03-28', 6, 53),
	(2064, 200, '17:00:58', '2020-03-28', 1, 53),
	(2065, 270, '17:01:00', '2020-03-28', 1, 53),
	(2066, 6, '17:09:52', '2020-03-28', 6, 53),
	(2067, 200, '17:14:20', '2020-03-28', 1, 53),
	(2068, 6, '17:28:12', '2020-03-28', 6, 53),
	(2069, 200, '18:03:12', '2020-03-28', 1, 53),
	(2070, 270, '18:03:18', '2020-03-28', 1, 53),
	(2071, 6, '18:09:25', '2020-03-28', 6, 53),
	(2072, 200, '23:35:36', '2020-03-28', 1, 53),
	(2073, 270, '23:35:38', '2020-03-28', 1, 53),
	(2074, 200, '23:58:53', '2020-03-28', 3, 53),
	(2075, 200, '05:29:11', '2020-03-29', 4, 53),
	(2076, 200, '06:43:51', '2020-03-29', 1, 53),
	(2077, 270, '06:43:54', '2020-03-29', 1, 53),
	(2078, 6, '07:00:06', '2020-03-29', 6, 53),
	(2079, 200, '07:17:37', '2020-03-29', 1, 53),
	(2080, 6, '07:17:41', '2020-03-29', 6, 53),
	(2081, 200, '07:17:49', '2020-03-29', 1, 53),
	(2082, 270, '07:17:53', '2020-03-29', 1, 53),
	(2083, 6, '07:58:06', '2020-03-29', 6, 53),
	(2084, 6, '07:58:08', '2020-03-29', 6, 53),
	(2085, 200, '08:48:37', '2020-03-29', 1, 53),
	(2086, 270, '08:48:40', '2020-03-29', 1, 53),
	(2087, 6, '09:00:04', '2020-03-29', 6, 53),
	(2088, 200, '09:01:51', '2020-03-29', 1, 53),
	(2089, 270, '09:01:54', '2020-03-29', 1, 53),
	(2090, 6, '09:01:58', '2020-03-29', 6, 53),
	(2091, 200, '09:02:07', '2020-03-29', 1, 53),
	(2092, 270, '09:02:10', '2020-03-29', 1, 53),
	(2093, 6, '09:32:48', '2020-03-29', 6, 53),
	(2094, 200, '09:32:54', '2020-03-29', 1, 53),
	(2095, 270, '09:32:58', '2020-03-29', 1, 53),
	(2096, 6, '09:48:21', '2020-03-29', 6, 53),
	(2097, 200, '10:27:37', '2020-03-29', 1, 53),
	(2098, 6, '10:38:13', '2020-03-29', 6, 53),
	(2099, 200, '10:49:31', '2020-03-29', 1, 53),
	(2100, 6, '10:59:41', '2020-03-29', 6, 53),
	(2101, 6, '10:59:44', '2020-03-29', 6, 53),
	(2102, 200, '11:15:43', '2020-03-29', 1, 53),
	(2103, 270, '11:15:43', '2020-03-29', 1, 53),
	(2104, 6, '11:22:22', '2020-03-29', 6, 53),
	(2105, 200, '11:22:56', '2020-03-29', 1, 53),
	(2106, 6, '11:38:07', '2020-03-29', 6, 53),
	(2107, 200, '11:38:13', '2020-03-29', 1, 53),
	(2108, 6, '11:38:18', '2020-03-29', 6, 53),
	(2109, 200, '11:38:26', '2020-03-29', 1, 53),
	(2110, 270, '11:38:31', '2020-03-29', 1, 53),
	(2111, 6, '11:48:28', '2020-03-29', 6, 53),
	(2112, 6, '11:48:28', '2020-03-29', 6, 53),
	(2113, 200, '12:38:07', '2020-03-29', 1, 53),
	(2114, 270, '12:38:09', '2020-03-29', 1, 53),
	(2115, 6, '12:54:07', '2020-03-29', 6, 53),
	(2116, 200, '12:54:16', '2020-03-29', 1, 53),
	(2117, 6, '12:54:20', '2020-03-29', 6, 53),
	(2118, 200, '12:54:28', '2020-03-29', 1, 53),
	(2119, 270, '12:54:35', '2020-03-29', 1, 53),
	(2120, 6, '12:57:49', '2020-03-29', 6, 53),
	(2121, 200, '17:32:31', '2020-03-29', 1, 53),
	(2122, 270, '17:32:34', '2020-03-29', 1, 53),
	(2123, 200, '17:32:49', '2020-03-29', 3, 53),
	(2124, 268, '17:32:54', '2020-03-29', 3, 53),
	(2125, 200, '18:26:26', '2020-03-29', 1, 53),
	(2126, 270, '18:26:30', '2020-03-29', 1, 53),
	(2127, 6, '18:39:39', '2020-03-29', 6, 53),
	(2128, 200, '19:05:03', '2020-03-29', 1, 53),
	(2129, 270, '19:05:05', '2020-03-29', 1, 53),
	(2130, 6, '19:25:39', '2020-03-29', 6, 53),
	(2131, 200, '19:55:17', '2020-03-29', 1, 53),
	(2132, 6, '20:15:11', '2020-03-29', 6, 53),
	(2133, 200, '21:09:37', '2020-03-29', 1, 53),
	(2134, 6, '21:18:07', '2020-03-29', 6, 53),
	(2135, 6, '21:18:09', '2020-03-29', 6, 53),
	(2136, 200, '21:19:36', '2020-03-29', 1, 53),
	(2137, 6, '21:21:25', '2020-03-29', 6, 53),
	(2138, 106, '21:22:09', '2020-03-29', 1, 53),
	(2139, 200, '21:22:09', '2020-03-29', 1, 53),
	(2140, 6, '21:28:17', '2020-03-29', 6, 53),
	(2141, 6, '21:28:18', '2020-03-29', 6, 53),
	(2142, 200, '21:44:36', '2020-03-29', 1, 53),
	(2143, 270, '21:44:39', '2020-03-29', 1, 53),
	(2144, 6, '21:49:17', '2020-03-29', 6, 53),
	(2145, 200, '22:06:44', '2020-03-29', 1, 53),
	(2146, 270, '22:06:44', '2020-03-29', 1, 53),
	(2147, 6, '22:38:41', '2020-03-29', 6, 53),
	(2148, 200, '10:13:57', '2020-03-30', 1, 53),
	(2149, 270, '10:14:00', '2020-03-30', 1, 53),
	(2150, 200, '10:17:48', '2020-03-30', 3, 53),
	(2151, 268, '10:17:52', '2020-03-30', 3, 53),
	(2152, 200, '14:39:00', '2020-03-30', 1, 53),
	(2153, 270, '14:39:01', '2020-03-30', 1, 53),
	(2154, 6, '14:40:15', '2020-03-30', 6, 53),
	(2155, 200, '15:56:01', '2020-03-30', 1, 53),
	(2156, 6, '15:59:40', '2020-03-30', 6, 53),
	(2157, 200, '16:20:25', '2020-03-30', 1, 53),
	(2158, 270, '16:20:29', '2020-03-30', 1, 53),
	(2159, 6, '16:43:47', '2020-03-30', 6, 53),
	(2160, 200, '18:08:25', '2020-03-30', 1, 53),
	(2161, 270, '18:08:29', '2020-03-30', 1, 53),
	(2162, 6, '18:09:29', '2020-03-30', 6, 53),
	(2163, 200, '18:25:39', '2020-03-30', 1, 53),
	(2164, 6, '18:26:15', '2020-03-30', 6, 53),
	(2165, 200, '20:54:33', '2020-03-30', 1, 53),
	(2166, 270, '20:54:37', '2020-03-30', 1, 53),
	(2167, 6, '21:00:09', '2020-03-30', 6, 53),
	(2168, 200, '21:12:08', '2020-03-30', 1, 53),
	(2169, 6, '21:12:13', '2020-03-30', 6, 53),
	(2170, 200, '22:14:35', '2020-03-30', 1, 53),
	(2171, 270, '22:14:39', '2020-03-30', 1, 53),
	(2172, 6, '22:39:17', '2020-03-30', 6, 53),
	(2173, 200, '22:39:58', '2020-03-30', 1, 53),
	(2174, 6, '22:48:08', '2020-03-30', 6, 53),
	(2175, 6, '22:48:08', '2020-03-30', 6, 53),
	(2176, 200, '10:11:54', '2020-03-31', 1, 53),
	(2177, 6, '10:16:45', '2020-03-31', 6, 53),
	(2178, 200, '10:42:37', '2020-03-31', 1, 53),
	(2179, 200, '10:45:13', '2020-03-31', 3, 53),
	(2180, 268, '10:45:18', '2020-03-31', 3, 53),
	(2181, 6, '11:42:42', '2020-03-31', 6, 53),
	(2182, 6, '11:42:45', '2020-03-31', 6, 53),
	(2183, 200, '12:38:23', '2020-03-31', 1, 53),
	(2184, 270, '12:38:26', '2020-03-31', 1, 53),
	(2185, 6, '12:42:24', '2020-03-31', 6, 53),
	(2186, 6, '12:42:25', '2020-03-31', 6, 53),
	(2187, 200, '19:04:51', '2020-03-31', 1, 53),
	(2188, 270, '19:04:53', '2020-03-31', 1, 53),
	(2189, 6, '19:09:59', '2020-03-31', 6, 53),
	(2190, 200, '19:16:15', '2020-03-31', 1, 53),
	(2191, 270, '19:16:18', '2020-03-31', 1, 53),
	(2192, 200, '19:47:09', '2020-03-31', 3, 53),
	(2193, 268, '19:47:11', '2020-03-31', 3, 53),
	(2194, 6, '20:46:57', '2020-03-31', 6, 53),
	(2195, 200, '21:19:31', '2020-03-31', 4, 53),
	(2196, 268, '21:19:33', '2020-03-31', 4, 53),
	(2197, 200, '23:34:39', '2020-03-31', 1, 53),
	(2198, 270, '23:34:41', '2020-03-31', 1, 53),
	(2199, 6, '00:20:25', '2020-04-01', 6, 53),
	(2200, 6, '00:20:27', '2020-04-01', 6, 53),
	(2201, 200, '01:09:32', '2020-04-01', 1, 53),
	(2202, 6, '01:13:32', '2020-04-01', 6, 53),
	(2203, 200, '02:11:36', '2020-04-01', 1, 53),
	(2204, 270, '02:11:40', '2020-04-01', 1, 53),
	(2205, 6, '02:16:22', '2020-04-01', 6, 53),
	(2206, 200, '02:16:33', '2020-04-01', 3, 53),
	(2207, 268, '02:16:37', '2020-04-01', 3, 53),
	(2208, 6, '02:21:06', '2020-04-01', 6, 53),
	(2209, 200, '13:12:05', '2020-04-01', 1, 53),
	(2210, 270, '13:12:07', '2020-04-01', 1, 53),
	(2211, 6, '13:14:30', '2020-04-01', 6, 53),
	(2212, 200, '13:17:21', '2020-04-01', 1, 53),
	(2213, 270, '13:17:26', '2020-04-01', 1, 53),
	(2214, 6, '13:17:53', '2020-04-01', 6, 53),
	(2215, 200, '13:18:04', '2020-04-01', 1, 53),
	(2216, 6, '13:18:13', '2020-04-01', 6, 53),
	(2217, 200, '13:21:53', '2020-04-01', 1, 53),
	(2218, 270, '13:22:00', '2020-04-01', 1, 53),
	(2219, 6, '13:38:36', '2020-04-01', 6, 53),
	(2220, 200, '13:40:18', '2020-04-01', 1, 53),
	(2221, 6, '13:47:26', '2020-04-01', 6, 53),
	(2222, 200, '13:55:27', '2020-04-01', 1, 53),
	(2223, 270, '13:55:32', '2020-04-01', 1, 53),
	(2224, 6, '13:56:28', '2020-04-01', 6, 53),
	(2225, 200, '15:20:42', '2020-04-01', 1, 53),
	(2226, 270, '15:20:46', '2020-04-01', 1, 53),
	(2227, 6, '16:00:05', '2020-04-01', 6, 53),
	(2228, 200, '16:39:03', '2020-04-01', 1, 53),
	(2229, 6, '16:41:57', '2020-04-01', 6, 53),
	(2230, 200, '16:59:23', '2020-04-01', 1, 53),
	(2231, 106, '16:59:26', '2020-04-01', 1, 53),
	(2232, 270, '16:59:27', '2020-04-01', 1, 53),
	(2233, 6, '17:06:23', '2020-04-01', 6, 53),
	(2234, 200, '17:06:35', '2020-04-01', 1, 53),
	(2235, 270, '17:06:38', '2020-04-01', 1, 53),
	(2236, 6, '17:10:22', '2020-04-01', 6, 53),
	(2237, 6, '17:10:22', '2020-04-01', 6, 53);
/*!40000 ALTER TABLE `log` ENABLE KEYS */;

-- Copiando estrutura para tabela op2.operacao
CREATE TABLE IF NOT EXISTS `operacao` (
  `id` int(11) NOT NULL AUTO_INCREMENT,
  `show` int(11) NOT NULL,
  `criterio` int(11) DEFAULT NULL,
  `ativo` decimal(10,2) DEFAULT NULL,
  PRIMARY KEY (`id`),
  KEY `cod_venda_idx` (`criterio`),
  CONSTRAINT `cod_crit` FOREIGN KEY (`criterio`) REFERENCES `criterio` (`id_criterio`) ON DELETE NO ACTION ON UPDATE NO ACTION
) ENGINE=InnoDB AUTO_INCREMENT=2 DEFAULT CHARSET=latin1;

-- Copiando dados para a tabela op2.operacao: ~1 rows (aproximadamente)
/*!40000 ALTER TABLE `operacao` DISABLE KEYS */;
INSERT INTO `operacao` (`id`, `show`, `criterio`, `ativo`) VALUES
	(1, 1, 2, 31900.26);
/*!40000 ALTER TABLE `operacao` ENABLE KEYS */;

-- Copiando estrutura para tabela op2.transacao
CREATE TABLE IF NOT EXISTS `transacao` (
  `id` int(11) NOT NULL AUTO_INCREMENT,
  `hora` time DEFAULT NULL,
  `data` date DEFAULT NULL,
  `criterio` int(11) DEFAULT NULL,
  `preco_atual` decimal(10,2) DEFAULT NULL,
  `valor_mercado` decimal(10,2) DEFAULT NULL,
  `preco_calculado` decimal(10,2) DEFAULT NULL,
  `saldo` decimal(10,2) DEFAULT NULL,
  `saldo_anterior` decimal(10,2) DEFAULT NULL,
  `saldo_bitcoin` float DEFAULT NULL,
  `saldo_atual` decimal(10,2) DEFAULT NULL,
  `id_cliente` int(11) DEFAULT NULL,
  PRIMARY KEY (`id`),
  KEY `criterio_op_idx` (`criterio`),
  KEY `FK_transacao_cliente` (`id_cliente`),
  CONSTRAINT `FK_transacao_cliente` FOREIGN KEY (`id_cliente`) REFERENCES `cliente` (`idcliente`),
  CONSTRAINT `criterio_op` FOREIGN KEY (`criterio`) REFERENCES `criterio` (`id_criterio`) ON DELETE NO ACTION ON UPDATE NO ACTION
) ENGINE=InnoDB AUTO_INCREMENT=600 DEFAULT CHARSET=latin1;

-- Copiando dados para a tabela op2.transacao: ~535 rows (aproximadamente)
/*!40000 ALTER TABLE `transacao` DISABLE KEYS */;
INSERT INTO `transacao` (`id`, `hora`, `data`, `criterio`, `preco_atual`, `valor_mercado`, `preco_calculado`, `saldo`, `saldo_anterior`, `saldo_bitcoin`, `saldo_atual`, `id_cliente`) VALUES
	(1, '06:21:33', '2020-02-26', 1, 41796.00, NULL, 0.00, NULL, NULL, NULL, NULL, NULL),
	(5, '09:01:34', '2020-02-26', 3, 42809.00, NULL, 0.00, NULL, NULL, NULL, NULL, NULL),
	(6, '10:15:27', '2020-02-26', 1, NULL, NULL, 0.00, NULL, NULL, 0.0001254, NULL, NULL),
	(10, '10:15:36', '2020-02-26', 3, 41861.11, NULL, 0.00, NULL, NULL, NULL, NULL, NULL),
	(11, '10:36:45', '2020-02-26', 1, 41585.00, NULL, 0.00, NULL, NULL, NULL, NULL, NULL),
	(12, '10:36:50', '2020-02-26', 3, 42191.90, NULL, 0.00, NULL, NULL, NULL, NULL, NULL),
	(13, '10:37:11', '2020-02-26', 1, 41585.00, NULL, 0.00, NULL, NULL, NULL, NULL, NULL),
	(14, '11:40:22', '2020-02-26', 4, 40989.00, NULL, 0.00, NULL, NULL, NULL, NULL, NULL),
	(15, '12:26:12', '2020-02-26', 1, 40414.00, NULL, 785.90, NULL, NULL, NULL, NULL, NULL),
	(16, '12:44:04', '2020-02-26', 3, 41431.90, NULL, 1017.90, NULL, NULL, NULL, NULL, NULL),
	(17, '13:04:06', '2020-02-26', 1, 40407.33, NULL, 1024.57, NULL, NULL, NULL, NULL, NULL),
	(18, '13:47:11', '2020-02-26', 4, 39880.00, NULL, 527.33, NULL, NULL, NULL, NULL, NULL),
	(19, '13:56:44', '2020-02-26', 1, 39199.00, NULL, 681.00, NULL, NULL, NULL, NULL, NULL),
	(20, '14:07:59', '2020-02-26', 3, 39773.00, NULL, 574.00, NULL, NULL, NULL, NULL, NULL),
	(21, '14:13:00', '2020-02-26', 1, 39000.33, NULL, 772.67, NULL, NULL, NULL, NULL, NULL),
	(23, '14:18:20', '2020-02-26', 3, 39609.00, NULL, 608.67, NULL, NULL, NULL, NULL, NULL),
	(24, '14:32:13', '2020-02-26', 1, 39543.33, NULL, 288.57, NULL, NULL, NULL, NULL, NULL),
	(25, '14:50:54', '2020-02-26', 3, 40168.00, NULL, 624.67, NULL, NULL, NULL, NULL, NULL),
	(26, '14:59:22', '2020-02-26', 1, 39468.62, NULL, 699.38, NULL, NULL, NULL, NULL, NULL),
	(28, '16:05:01', '2020-02-26', 3, 40250.00, NULL, 781.38, NULL, NULL, NULL, NULL, NULL),
	(29, '16:33:17', '2020-02-26', 1, 39701.33, NULL, 548.67, NULL, NULL, NULL, NULL, NULL),
	(30, '17:00:12', '2020-02-26', 3, 40249.90, NULL, 548.57, NULL, NULL, NULL, NULL, NULL),
	(31, '17:15:12', '2020-02-26', 1, 39870.61, NULL, 379.29, NULL, NULL, NULL, NULL, NULL),
	(32, '18:16:00', '2020-02-26', 3, 40614.90, NULL, 744.29, NULL, NULL, NULL, NULL, NULL),
	(33, '18:18:09', '2020-02-26', 1, 40001.19, NULL, 613.71, NULL, NULL, NULL, NULL, NULL),
	(34, '18:23:17', '2020-02-26', 3, 40614.12, NULL, 612.93, NULL, NULL, NULL, NULL, NULL),
	(35, '19:29:06', '2020-02-26', 1, 40051.00, NULL, 1079.00, NULL, NULL, NULL, NULL, NULL),
	(38, '19:36:00', '2020-02-26', 3, 41956.00, NULL, 1905.00, NULL, NULL, NULL, NULL, NULL),
	(39, '20:25:31', '2020-02-26', 1, 40184.00, NULL, 1772.00, NULL, NULL, NULL, NULL, NULL),
	(41, '20:26:39', '2020-02-26', 3, 40803.00, NULL, 619.00, NULL, NULL, NULL, NULL, NULL),
	(43, '20:35:09', '2020-02-26', 1, 40184.00, NULL, 678.00, NULL, NULL, NULL, NULL, NULL),
	(47, '20:38:58', '2020-02-26', 3, 40944.00, NULL, 760.00, NULL, NULL, NULL, NULL, NULL),
	(48, '21:38:28', '2020-02-26', 1, 40091.01, NULL, 852.99, NULL, NULL, NULL, NULL, NULL),
	(49, '22:08:55', '2020-02-26', 4, 39574.00, NULL, 517.01, NULL, NULL, NULL, NULL, NULL),
	(50, '22:11:56', '2020-02-26', 1, 39574.00, NULL, 435.91, NULL, NULL, NULL, NULL, NULL),
	(51, '23:25:10', '2020-02-26', 3, 40147.00, NULL, 573.00, NULL, NULL, NULL, NULL, NULL),
	(52, '00:02:32', '2020-02-27', 1, 39961.33, NULL, 185.67, NULL, NULL, NULL, NULL, NULL),
	(54, '03:32:53', '2020-02-27', 3, 40667.99, NULL, 706.66, NULL, NULL, NULL, NULL, NULL),
	(55, '03:45:12', '2020-02-27', 1, 39854.22, NULL, 813.77, NULL, NULL, NULL, NULL, NULL),
	(56, '05:25:56', '2020-02-27', 3, 40424.00, NULL, 569.78, 0.00, NULL, NULL, NULL, NULL),
	(57, '03:34:05', '2020-02-28', 1, 39982.10, NULL, 940.90, 48.77, NULL, NULL, NULL, NULL),
	(58, '07:34:15', '2020-02-28', 4, 39404.10, NULL, 578.00, 0.00, NULL, NULL, NULL, NULL),
	(59, '10:10:03', '2020-02-28', 1, 39166.67, NULL, 567.33, 47.49, NULL, NULL, NULL, NULL),
	(60, '10:10:10', '2020-02-28', 3, 39745.37, NULL, 578.70, 0.00, NULL, NULL, NULL, NULL),
	(61, '10:10:18', '2020-02-28', 1, 39103.33, NULL, 642.04, 46.67, NULL, NULL, NULL, NULL),
	(62, '10:10:27', '2020-02-28', 3, 39745.26, NULL, 641.93, 0.00, NULL, NULL, NULL, NULL),
	(63, '10:10:34', '2020-02-28', 1, 39103.33, NULL, 641.93, 45.81, NULL, NULL, NULL, NULL),
	(64, '10:10:40', '2020-02-28', 3, 39745.15, NULL, 641.82, 0.01, NULL, NULL, NULL, NULL),
	(65, '10:10:48', '2020-02-28', 1, 39103.33, NULL, 641.82, 44.98, NULL, NULL, NULL, NULL),
	(66, '10:11:51', '2020-02-28', 3, 39915.90, NULL, 812.57, 0.00, NULL, NULL, NULL, NULL),
	(67, '10:11:55', '2020-02-28', 1, 39103.33, NULL, 812.57, 43.96, NULL, NULL, NULL, NULL),
	(68, '10:12:03', '2020-02-28', 3, 39915.15, NULL, 811.82, 0.00, NULL, NULL, NULL, NULL),
	(69, '10:12:08', '2020-02-28', 1, 39103.33, NULL, 811.82, 42.96, NULL, NULL, NULL, NULL),
	(70, '10:22:19', '2020-02-28', 3, 39754.00, NULL, 650.67, 0.00, NULL, NULL, NULL, NULL),
	(71, '11:18:52', '2020-02-28', 1, 39434.33, NULL, 1140.67, 42.51, NULL, NULL, NULL, NULL),
	(74, '12:35:37', '2020-02-28', 3, 41221.00, NULL, 1786.67, 0.01, NULL, 0.00105936, 42.56, NULL),
	(75, '13:48:25', '2020-02-28', 1, 39763.00, 40300.07, 1763.00, 42.56, NULL, NULL, NULL, NULL),
	(76, '09:08:11', '2020-03-03', 3, 40453.00, 40372.00, 690.00, NULL, NULL, 0.00105482, 0.00, NULL),
	(78, '11:55:55', '2020-03-03', 1, 40049.00, 40049.00, 404.00, 42.54, NULL, NULL, 0.00, NULL),
	(80, '15:56:18', '2020-03-04', 3, NULL, 40346.00, 197.98, NULL, NULL, 0.00106093, NULL, NULL),
	(81, '17:31:24', '2020-03-04', 1, 39875.00, 40002.00, -39875.00, 42.75, NULL, NULL, 0.00, NULL),
	(82, '20:56:56', '2020-03-04', 3, NULL, 40143.00, 271.62, NULL, NULL, 0.00106742, 0.00, NULL),
	(83, '21:59:53', '2020-03-04', 1, 40820.00, 41000.10, -40820.00, 42.80, NULL, NULL, NULL, NULL),
	(84, '23:48:02', '2020-03-04', 3, 41200.00, 41241.20, 380.00, NULL, NULL, 0.00104265, 0.00, NULL),
	(85, '00:36:05', '2020-03-05', 1, 40934.00, 41051.00, 266.00, 42.82, NULL, NULL, NULL, NULL),
	(86, '05:18:36', '2020-03-05', 3, 41351.00, 41351.00, 417.00, NULL, NULL, 0.00104184, 0.01, NULL),
	(87, '07:57:03', '2020-03-05', 1, 42008.00, 42123.00, -657.00, 43.04, NULL, NULL, NULL, NULL),
	(88, '09:25:35', '2020-03-05', 3, 42398.00, 42398.00, 390.00, NULL, NULL, 0.00102055, 0.00, NULL),
	(89, '09:25:47', '2020-03-05', 1, 42398.00, 42399.90, 0.00, 43.22, NULL, NULL, NULL, NULL),
	(90, '09:39:30', '2020-03-05', 3, 42561.00, 42600.78, 163.00, NULL, NULL, 0.00101812, NULL, NULL),
	(91, '09:41:14', '2020-03-05', 1, 42601.72, 42889.00, -40.72, 43.33, NULL, NULL, NULL, NULL),
	(92, '12:18:00', '2020-03-06', 3, 43199.99, 43200.00, 598.27, NULL, NULL, 0.00100907, 0.01, NULL),
	(93, '15:26:06', '2020-03-06', 1, 42455.00, 42736.90, 744.99, 42.90, NULL, NULL, NULL, NULL),
	(94, '16:27:04', '2020-03-06', 3, 42711.00, 42711.00, 256.00, NULL, NULL, 0.00100262, 0.00, NULL),
	(95, '17:22:27', '2020-03-06', 1, 42789.00, 42869.00, -78.00, 42.77, NULL, NULL, NULL, NULL),
	(96, '12:51:11', '2020-03-07', 4, 42429.00, 42429.00, 360.00, NULL, NULL, 0.0009965, 0.01, NULL),
	(97, '12:51:16', '2020-03-07', 1, 42429.00, 42514.00, 0.00, 42.24, NULL, NULL, NULL, NULL),
	(98, '13:46:43', '2020-03-07', 4, 42463.01, 42462.00, NULL, NULL, NULL, 0.00099237, 0.00, NULL),
	(117, '12:32:10', '2020-03-08', 1, 39916.98, 40215.00, -50.77, 42.10, NULL, NULL, NULL, NULL),
	(142, '12:46:02', '2020-03-08', 3, 40316.98, 39600.00, NULL, NULL, NULL, 0.00105343, 0.00, NULL),
	(143, '13:24:35', '2020-03-09', 1, 37258.97, 37500.15, 2816.83, 42.42, NULL, NULL, NULL, NULL),
	(144, '13:47:42', '2020-03-09', 3, 37853.00, NULL, NULL, 42.63, NULL, NULL, NULL, NULL),
	(146, '15:28:18', '2020-03-09', 1, 37331.33, 38231.00, -255.03, 42.63, NULL, NULL, NULL, NULL),
	(147, '16:05:06', '2020-03-09', 6, 37643.00, NULL, NULL, 26.63, NULL, NULL, NULL, NULL),
	(148, '16:27:26', '2020-03-09', 1, 37720.73, 37998.90, -484.67, 42.73, NULL, NULL, NULL, NULL),
	(149, '17:35:40', '2020-03-09', 6, 38073.00, NULL, NULL, 42.73, NULL, NULL, NULL, NULL),
	(150, '17:35:43', '2020-03-09', 6, 38073.00, NULL, NULL, 42.73, NULL, NULL, NULL, NULL),
	(151, '17:36:01', '2020-03-09', 1, 38025.30, 38262.00, -352.27, 42.73, NULL, NULL, NULL, NULL),
	(152, '18:50:14', '2020-03-09', 6, 38407.00, NULL, NULL, 27.74, NULL, NULL, NULL, NULL),
	(153, '19:10:38', '2020-03-09', 1, 38025.00, 38349.90, 26.30, 27.75, NULL, NULL, NULL, NULL),
	(154, '19:17:34', '2020-03-09', 3, 38445.00, 38000.00, NULL, NULL, NULL, 0.00112243, 0.00, NULL),
	(155, '19:46:46', '2020-03-09', 3, 38445.00, 37973.00, NULL, NULL, NULL, 0.00112243, 0.00, NULL),
	(156, '03:43:05', '2020-03-10', 1, 38172.80, 38461.00, 127.90, 43.10, NULL, NULL, NULL, NULL),
	(157, '05:12:32', '2020-03-10', 3, 38592.80, 38189.00, NULL, NULL, NULL, 0.00112773, 0.00, NULL),
	(158, '08:20:11', '2020-03-10', 1, 38168.33, 39126.00, 450.47, 43.47, NULL, NULL, NULL, NULL),
	(159, '08:20:17', '2020-03-10', 6, 38994.00, NULL, NULL, 43.46, NULL, NULL, NULL, NULL),
	(160, '09:53:04', '2020-03-10', 1, 38858.27, 39245.00, -803.67, 43.47, NULL, NULL, NULL, NULL),
	(161, '09:58:43', '2020-03-10', 3, 39278.27, 38858.27, NULL, NULL, NULL, 0.00111734, NULL, NULL),
	(162, '12:17:09', '2020-03-10', 4, 38305.00, 38305.00, NULL, NULL, NULL, 0.00111734, 0.00, NULL),
	(163, '12:19:17', '2020-03-10', 1, 38166.00, 38407.00, 5.00, 42.78, NULL, NULL, NULL, NULL),
	(164, '12:36:08', '2020-03-10', 3, 38576.00, 38120.00, NULL, NULL, NULL, 0.00111957, 0.00, NULL),
	(165, '14:49:56', '2020-03-10', 3, 38571.00, 37624.00, NULL, NULL, NULL, 0.00111957, 0.00, NULL),
	(166, '14:50:08', '2020-03-10', 4, 37624.00, 37624.00, NULL, NULL, NULL, 0.00111957, 0.00, NULL),
	(167, '09:31:07', '2020-03-11', 1, 36776.78, 37277.00, 873.22, 42.06, NULL, NULL, NULL, NULL),
	(168, '09:32:58', '2020-03-11', 6, 37193.00, NULL, NULL, 42.06, NULL, NULL, NULL, NULL),
	(170, '10:02:10', '2020-03-11', 1, 36777.78, 37381.69, -64.22, 42.06, NULL, NULL, NULL, NULL),
	(171, '10:05:15', '2020-03-11', 6, 37292.00, NULL, NULL, 42.06, NULL, NULL, NULL, NULL),
	(172, '10:33:26', '2020-03-11', 1, 36777.78, 37470.90, -84.22, 42.06, NULL, NULL, NULL, NULL),
	(173, '10:43:21', '2020-03-11', 6, 37347.00, NULL, NULL, 42.06, NULL, NULL, NULL, NULL),
	(174, '11:33:31', '2020-03-11', 1, 36777.78, 37197.50, -84.23, 42.06, NULL, NULL, NULL, NULL),
	(175, '12:57:30', '2020-03-11', 3, 37177.78, 36750.78, NULL, NULL, NULL, 0.00114226, 0.00, NULL),
	(176, '14:47:51', '2020-03-11', 1, 36820.00, 37035.00, 383.78, 42.41, NULL, NULL, NULL, NULL),
	(177, '14:53:57', '2020-03-11', 3, 37209.71, 36820.00, NULL, NULL, NULL, 0.0004072, 27.39, NULL),
	(178, '16:13:11', '2020-03-11', 3, 37609.71, 37380.00, NULL, NULL, NULL, 0.00074326, 15.14, NULL),
	(179, '16:29:14', '2020-03-11', 1, 37401.00, 37536.00, 73.71, 42.84, NULL, NULL, NULL, NULL),
	(180, '16:40:58', '2020-03-11', 1, 37076.44, 37421.00, 350.56, 42.84, NULL, NULL, NULL, NULL),
	(181, '16:45:00', '2020-03-11', 6, 37466.00, NULL, NULL, 27.82, NULL, NULL, NULL, NULL),
	(182, '16:49:16', '2020-03-11', 3, 37713.58, 37539.00, NULL, NULL, NULL, 0.00040437, 27.83, NULL),
	(183, '18:15:46', '2020-03-11', 1, 37981.44, 38158.90, -241.86, 43.00, NULL, NULL, NULL, NULL),
	(184, '19:21:38', '2020-03-11', 6, NULL, NULL, NULL, 13.06, NULL, NULL, NULL, NULL),
	(185, '19:32:28', '2020-03-11', 3, 38187.00, 38186.00, NULL, NULL, NULL, 0.00078728, 13.06, NULL),
	(186, '09:06:20', '2020-03-12', 1, 30103.31, 31745.00, 7925.00, 43.09, NULL, NULL, NULL, NULL),
	(187, '09:08:44', '2020-03-12', 6, 30917.00, NULL, NULL, 43.08, NULL, NULL, NULL, NULL),
	(188, '09:33:12', '2020-03-12', 1, 30927.22, 31950.00, -798.11, 43.09, NULL, NULL, NULL, NULL),
	(189, '09:33:26', '2020-03-12', 3, 30928.22, 30927.22, NULL, NULL, NULL, 0.00048483, 28.07, NULL),
	(190, '09:40:04', '2020-03-12', 3, 31328.22, 30928.22, NULL, NULL, NULL, 0.00090678, 14.98, NULL),
	(191, '10:14:39', '2020-03-12', 1, 31025.99, 31030.00, 298.22, 43.35, NULL, NULL, NULL, NULL),
	(192, '10:15:11', '2020-03-12', 3, 31425.99, 30980.19, NULL, NULL, NULL, 0.00139555, 0.00, NULL),
	(193, '10:18:47', '2020-03-12', 4, 30367.56, 30367.56, NULL, NULL, NULL, 0.00139555, 0.00, NULL),
	(194, '10:19:00', '2020-03-12', 1, 30201.90, 30578.00, 67.56, 42.26, NULL, NULL, NULL, NULL),
	(195, '10:28:10', '2020-03-12', 6, 30793.90, NULL, NULL, 42.26, NULL, NULL, NULL, NULL),
	(196, '10:29:53', '2020-03-12', 1, 30289.00, 30793.90, -61.10, 42.26, NULL, NULL, NULL, NULL),
	(197, '10:32:52', '2020-03-12', 3, 30689.00, 30263.00, NULL, NULL, NULL, 0.00139356, 0.00, NULL),
	(198, '11:07:00', '2020-03-12', 1, 29909.66, 30121.00, 780.00, 42.71, NULL, NULL, NULL, NULL),
	(199, '11:07:07', '2020-03-12', 6, 30883.00, NULL, NULL, 42.71, NULL, NULL, NULL, NULL),
	(200, '11:07:13', '2020-03-12', 6, 30883.00, NULL, NULL, 42.71, NULL, NULL, NULL, NULL),
	(201, '11:07:42', '2020-03-12', 1, 29909.66, 29965.00, 0.66, 42.71, NULL, NULL, NULL, NULL),
	(202, '11:27:25', '2020-03-12', 3, 30522.00, 30521.00, NULL, NULL, NULL, 0.00050092, 27.70, NULL),
	(203, '11:27:30', '2020-03-12', 6, 30521.00, NULL, NULL, NULL, NULL, NULL, NULL, NULL),
	(204, '11:35:35', '2020-03-12', 1, 30192.00, 30607.00, 299.00, 42.98, NULL, NULL, NULL, NULL),
	(205, '11:36:50', '2020-03-12', 6, 30913.00, NULL, NULL, 42.98, NULL, NULL, NULL, NULL),
	(206, '11:39:57', '2020-03-12', 1, 30252.29, 30815.00, -34.29, 42.98, NULL, NULL, NULL, NULL),
	(207, '11:42:15', '2020-03-12', 6, 30815.00, NULL, NULL, 42.98, NULL, NULL, NULL, NULL),
	(208, '11:42:19', '2020-03-12', 6, 30815.00, NULL, NULL, 42.98, NULL, NULL, NULL, NULL),
	(209, '11:54:35', '2020-03-12', 1, 30579.33, 30955.00, -376.42, 42.98, NULL, NULL, NULL, NULL),
	(210, '11:56:05', '2020-03-12', 3, 30352.29, 30579.33, NULL, NULL, NULL, 0.00048916, 28.00, NULL),
	(211, '11:56:17', '2020-03-12', 3, 30352.29, 30579.33, NULL, NULL, NULL, 0.00048858, 27.98, NULL),
	(212, '12:05:10', '2020-03-12', 3, 30979.33, 30500.00, NULL, NULL, NULL, 0.00042611, NULL, NULL),
	(213, '14:46:07', '2020-03-12', 1, 30559.51, 30939.90, 346.90, 43.06, NULL, NULL, NULL, NULL),
	(214, '14:52:13', '2020-03-12', 6, 30939.69, NULL, NULL, 28.09, NULL, NULL, NULL, NULL),
	(215, '14:52:18', '2020-03-12', 3, 30940.69, 30600.44, NULL, NULL, NULL, 0.0004891, 28.10, NULL),
	(216, '17:37:29', '2020-03-12', 4, 29783.93, 29783.93, NULL, NULL, NULL, 0.0004891, 28.10, NULL),
	(217, '18:59:53', '2020-03-12', 1, 28471.33, 28933.00, 1338.60, 42.66, NULL, NULL, NULL, NULL),
	(218, '19:10:38', '2020-03-12', 6, 28860.00, NULL, NULL, 27.64, NULL, NULL, NULL, NULL),
	(219, '19:10:44', '2020-03-12', 3, 28571.33, 28860.10, NULL, NULL, NULL, 0.0005267, 27.65, NULL),
	(220, '00:23:19', '2020-03-13', 1, 27179.26, 28536.00, 1418.07, 42.84, NULL, NULL, NULL, NULL),
	(221, '00:24:32', '2020-03-13', 6, 27888.10, NULL, NULL, 42.83, NULL, NULL, NULL, NULL),
	(222, '00:26:33', '2020-03-13', 1, 27914.44, 28536.00, -709.18, 42.84, NULL, NULL, NULL, NULL),
	(223, '00:30:18', '2020-03-13', 6, 28805.00, NULL, NULL, 42.84, NULL, NULL, NULL, NULL),
	(224, '11:02:23', '2020-03-13', 1, 28526.00, 29799.99, -585.56, 42.84, NULL, NULL, NULL, NULL),
	(225, '11:06:13', '2020-03-13', 3, 28926.00, 28706.00, NULL, NULL, NULL, 0.00052569, 0.00, NULL),
	(226, '11:27:52', '2020-03-13', 3, 29602.90, 29000.00, NULL, NULL, NULL, 0.0009743, 15.19, NULL),
	(227, '11:52:14', '2020-03-13', 3, 29491.90, 28517.24, NULL, NULL, NULL, 0.0009743, 15.19, NULL),
	(228, '11:58:11', '2020-03-13', 4, 27604.00, 27604.10, NULL, NULL, NULL, 0.0009743, 15.19, NULL),
	(229, '11:58:20', '2020-03-13', 1, 27594.97, 28804.00, 0.00, 42.50, NULL, NULL, NULL, NULL),
	(230, '11:58:26', '2020-03-13', 6, 28058.10, NULL, NULL, 42.50, NULL, NULL, NULL, NULL),
	(231, '11:58:30', '2020-03-13', 6, 28058.10, NULL, NULL, 42.50, NULL, NULL, NULL, NULL),
	(232, '11:58:48', '2020-03-13', 1, 27594.97, 28508.00, -9.13, 42.50, NULL, NULL, NULL, NULL),
	(233, '12:00:59', '2020-03-13', 6, 29192.00, NULL, NULL, 42.50, NULL, NULL, NULL, NULL),
	(234, '12:03:27', '2020-03-13', 1, 27317.00, 29191.99, 221.97, 42.50, NULL, NULL, NULL, NULL),
	(235, '12:11:33', '2020-03-13', 6, 27878.00, NULL, NULL, 42.50, NULL, NULL, NULL, NULL),
	(236, '12:24:07', '2020-03-13', 1, 26427.33, 26932.00, 817.00, 42.50, NULL, NULL, NULL, NULL),
	(237, '12:24:31', '2020-03-13', 6, 26932.00, NULL, NULL, 42.49, NULL, NULL, NULL, NULL),
	(238, '13:07:04', '2020-03-13', 1, 25889.78, 26930.00, 563.55, 42.50, NULL, NULL, NULL, NULL),
	(239, '13:11:56', '2020-03-13', 6, 26194.00, NULL, NULL, 42.49, NULL, NULL, NULL, NULL),
	(240, '13:11:58', '2020-03-13', 6, 26194.00, NULL, NULL, 42.49, NULL, NULL, NULL, NULL),
	(241, '13:26:05', '2020-03-13', 1, 26128.78, 26930.00, -240.22, 42.50, NULL, NULL, NULL, NULL),
	(242, '13:33:28', '2020-03-13', 6, 26950.00, NULL, NULL, 42.50, NULL, NULL, NULL, NULL),
	(243, '13:38:00', '2020-03-13', 1, 26804.42, 26950.00, -821.22, 42.50, NULL, NULL, NULL, NULL),
	(244, '13:46:42', '2020-03-13', 6, 27999.78, NULL, NULL, 27.58, NULL, NULL, NULL, NULL),
	(245, '13:53:09', '2020-03-13', 3, 26904.42, 27000.01, NULL, NULL, NULL, 0.00055593, 27.58, NULL),
	(246, '14:24:49', '2020-03-13', 1, 27686.00, 28456.01, -795.58, 42.58, NULL, NULL, NULL, NULL),
	(247, '14:38:32', '2020-03-13', 3, 28086.00, 27700.01, NULL, NULL, NULL, 0.00153612, 0.00, NULL),
	(248, '14:40:41', '2020-03-13', 4, 27000.00, 26600.80, NULL, NULL, NULL, 0.00153612, NULL, NULL),
	(249, '14:53:06', '2020-03-13', 1, 26658.03, 27700.00, 367.97, 40.82, NULL, NULL, NULL, NULL),
	(250, '14:59:38', '2020-03-13', 6, 27448.00, NULL, NULL, 40.82, NULL, NULL, NULL, NULL),
	(251, '14:59:40', '2020-03-13', 6, 27448.00, NULL, NULL, 40.82, NULL, NULL, NULL, NULL),
	(252, '15:00:48', '2020-03-13', 1, 26686.00, 26781.00, -1.97, 40.82, NULL, NULL, NULL, NULL),
	(253, '15:04:00', '2020-03-13', 3, 27086.00, 26686.00, NULL, NULL, NULL, 0.00055943, NULL, NULL),
	(254, '15:33:03', '2020-03-13', 4, 25865.00, 25481.00, NULL, NULL, NULL, 0.00152781, NULL, NULL),
	(255, '15:33:12', '2020-03-13', 1, 25356.08, 25558.03, 442.00, 38.80, NULL, NULL, NULL, NULL),
	(256, '15:33:12', '2020-03-23', 1, 33482.00, 25558.03, 442.00, 37.46, 37.48, NULL, NULL, 53),
	(257, '15:40:50', '2020-03-13', 3, 25382.08, 25527.61, -171.53, 38.22, NULL, NULL, NULL, NULL),
	(258, '15:41:30', '2020-03-24', 1, 33894.00, 25527.71, -145.53, 37.85, 37.46, NULL, NULL, 53),
	(259, '15:46:58', '2020-03-13', 3, 34372.00, 25329.75, NULL, 38.22, NULL, 0.00112635, 0.00, 53),
	(260, '17:44:59', '2020-03-25', 1, 33232.00, 33566.00, -7701.70, 38.22, 37.85, NULL, NULL, 53),
	(261, '18:05:07', '2020-03-25', 3, 33712.00, 33283.10, NULL, NULL, NULL, 0.00045014, NULL, 53),
	(262, '18:20:52', '2020-03-25', 3, 33712.00, 33202.22, NULL, NULL, NULL, 0.00072323, NULL, 53),
	(263, '18:21:00', '2020-03-25', 6, 33418.00, NULL, NULL, 0.00, NULL, NULL, NULL, 53),
	(264, '21:48:01', '2020-03-25', 1, 33694.00, 34020.00, -147.00, 39.53, 37.85, NULL, NULL, 53),
	(265, '21:50:01', '2020-03-25', 6, 34035.00, NULL, NULL, 0.00, NULL, NULL, NULL, 53),
	(266, '21:52:49', '2020-03-25', 1, 33694.00, 34209.90, -206.88, 39.53, NULL, NULL, NULL, 53),
	(267, '21:55:50', '2020-03-25', 6, 34140.00, NULL, NULL, 0.00, NULL, NULL, NULL, 53),
	(268, '21:57:16', '2020-03-25', 1, 33694.00, 34139.90, -165.01, 39.53, NULL, NULL, NULL, 53),
	(269, '22:05:51', '2020-03-25', 6, 34139.80, NULL, NULL, 0.00, NULL, NULL, NULL, 53),
	(270, '22:06:15', '2020-03-25', 1, 33892.00, 34139.80, -445.80, 39.53, NULL, NULL, NULL, 53),
	(271, '22:15:36', '2020-03-25', 6, 34235.00, NULL, NULL, 0.00, NULL, NULL, NULL, 53),
	(272, '22:16:26', '2020-03-25', 1, 33694.00, 34244.99, -89.10, 39.53, NULL, NULL, NULL, 53),
	(273, '22:26:15', '2020-03-25', 6, 34032.10, NULL, NULL, 0.00, NULL, NULL, NULL, 53),
	(274, '23:25:34', '2020-03-25', 1, 33694.00, 34019.00, -261.00, 39.53, NULL, NULL, NULL, 53),
	(275, '23:51:59', '2020-03-25', 6, 34064.00, NULL, NULL, 0.00, NULL, NULL, NULL, 53),
	(276, '00:09:47', '2020-03-26', 1, 33694.00, 34244.99, -188.00, 39.53, 38.22, NULL, NULL, 53),
	(277, '00:20:35', '2020-03-26', 6, 34070.00, NULL, NULL, 0.00, NULL, NULL, NULL, 53),
	(278, '00:36:56', '2020-03-26', 1, 33694.00, 34192.65, -179.10, 39.53, NULL, NULL, NULL, 53),
	(279, '00:40:46', '2020-03-26', 6, 34136.10, NULL, NULL, 0.00, NULL, NULL, NULL, 53),
	(280, '00:49:38', '2020-03-26', 1, 33694.00, 34142.65, -39.10, 39.53, NULL, NULL, NULL, 53),
	(281, '00:56:52', '2020-03-26', 6, 34040.00, NULL, NULL, 0.00, NULL, NULL, NULL, 53),
	(282, '01:05:12', '2020-03-26', 1, 33694.00, 34244.99, -39.10, 39.53, NULL, NULL, NULL, 53),
	(283, '01:10:01', '2020-03-26', 6, 34154.00, NULL, NULL, 0.00, NULL, NULL, NULL, 53),
	(284, '01:15:56', '2020-03-26', 1, 33694.00, 34144.00, -254.10, 39.53, NULL, NULL, NULL, 53),
	(285, '01:22:23', '2020-03-26', 6, 34016.10, NULL, NULL, 0.00, NULL, NULL, NULL, 53),
	(286, '01:26:23', '2020-03-26', 1, 33694.00, 34084.00, -205.10, 39.53, NULL, NULL, NULL, 53),
	(287, '01:47:55', '2020-03-26', 1, 33694.00, 34127.68, -269.00, 39.53, NULL, NULL, NULL, 53),
	(288, '02:40:14', '2020-03-26', 3, 34174.00, 33940.00, NULL, NULL, NULL, 0.00117181, NULL, 53),
	(289, '10:05:20', '2020-03-26', 4, 33169.00, 33169.00, NULL, NULL, NULL, 0.00117181, NULL, 53),
	(290, '10:05:31', '2020-03-26', 1, 33168.00, 33599.00, 0.00, 38.83, NULL, NULL, NULL, 53),
	(291, '10:05:47', '2020-03-26', 1, 33168.00, 33840.31, -1.00, 38.83, NULL, NULL, NULL, 53),
	(292, '10:16:55', '2020-03-26', 3, 33648.00, 33170.00, NULL, NULL, NULL, 0.00044885, NULL, 53),
	(293, '10:21:32', '2020-03-26', 6, 33887.86, NULL, NULL, 15.08, NULL, NULL, NULL, 53),
	(294, '10:23:05', '2020-03-26', 1, 33179.00, 33445.00, 303.90, 39.01, NULL, NULL, NULL, 53),
	(295, '10:26:03', '2020-03-26', 6, 33504.00, NULL, NULL, 0.00, NULL, NULL, NULL, 53),
	(296, '10:33:20', '2020-03-26', 1, 33179.00, 33631.54, -214.30, 39.01, NULL, NULL, NULL, 53),
	(297, '10:41:22', '2020-03-26', 3, 33659.00, 33170.00, NULL, NULL, NULL, 0.00117433, NULL, 53),
	(298, '14:20:22', '2020-03-26', 1, 33489.00, 33793.90, -118.00, 39.49, NULL, NULL, NULL, 53),
	(299, '15:24:23', '2020-03-26', 6, 33685.00, NULL, NULL, 0.00, NULL, NULL, NULL, 53),
	(300, '15:24:23', '2020-03-26', 6, 33685.00, NULL, NULL, 0.00, NULL, NULL, NULL, 53),
	(301, '15:54:38', '2020-03-26', 1, 33649.78, 33889.90, -169.00, 39.49, NULL, NULL, NULL, 53),
	(302, '15:56:19', '2020-03-26', 3, 34129.78, 33651.78, NULL, NULL, NULL, 0.00117216, NULL, 53),
	(303, '21:49:50', '2020-03-26', 1, 33840.00, 34235.48, 288.78, 39.97, NULL, NULL, NULL, 53),
	(304, '21:59:56', '2020-03-26', 6, 34175.00, NULL, NULL, 0.00, NULL, NULL, NULL, 53),
	(305, '22:08:00', '2020-03-26', 1, 33850.09, 34288.90, -296.93, 39.97, NULL, NULL, NULL, 53),
	(306, '22:22:34', '2020-03-26', 6, 34188.90, NULL, NULL, 0.00, NULL, NULL, NULL, 53),
	(307, '01:39:39', '2020-03-27', 1, 33776.33, 34083.00, -164.91, 39.97, 39.53, NULL, NULL, 53),
	(308, '01:55:05', '2020-03-27', 6, 34036.00, NULL, NULL, 0.00, NULL, NULL, NULL, 53),
	(309, '01:58:53', '2020-03-27', 1, 33596.00, 34100.00, -94.45, 39.97, NULL, NULL, NULL, 53),
	(310, '02:00:03', '2020-03-27', 6, 33870.78, NULL, NULL, 0.00, NULL, NULL, NULL, 53),
	(311, '04:51:05', '2020-03-27', 1, 33577.08, 33927.00, -280.00, 39.97, NULL, NULL, NULL, 53),
	(312, '04:51:17', '2020-03-27', 6, 33927.00, NULL, NULL, 0.00, NULL, NULL, NULL, 53),
	(313, '04:52:25', '2020-03-27', 1, 33578.05, 34040.00, -298.92, 39.97, NULL, NULL, NULL, 53),
	(314, '04:55:36', '2020-03-27', 6, 33926.00, NULL, NULL, 0.00, NULL, NULL, NULL, 53),
	(315, '05:00:56', '2020-03-27', 1, 33571.97, 33968.00, -277.95, 39.97, NULL, NULL, NULL, 53),
	(316, '05:01:01', '2020-03-27', 6, 33856.00, NULL, NULL, 0.00, NULL, NULL, NULL, 53),
	(317, '05:01:12', '2020-03-27', 1, 33572.09, 33968.00, -284.03, 39.97, NULL, NULL, NULL, 53),
	(318, '05:17:04', '2020-03-27', 6, 33833.02, NULL, NULL, 0.00, NULL, NULL, NULL, 53),
	(319, '05:20:44', '2020-03-27', 1, 33509.22, 33884.90, -214.91, 39.97, NULL, NULL, NULL, 53),
	(320, '05:20:50', '2020-03-27', 6, 33787.00, NULL, NULL, 0.00, NULL, NULL, NULL, 53),
	(321, '05:20:56', '2020-03-27', 1, 33509.22, 33884.90, -277.78, 39.97, NULL, NULL, NULL, 53),
	(322, '05:36:06', '2020-03-27', 6, 33737.00, NULL, NULL, 0.00, NULL, NULL, NULL, 53),
	(323, '05:36:16', '2020-03-27', 1, 33509.22, 33804.80, -227.78, 39.97, NULL, NULL, NULL, 53),
	(324, '05:52:06', '2020-03-27', 6, 33819.00, NULL, NULL, 0.00, NULL, NULL, NULL, 53),
	(325, '05:52:11', '2020-03-27', 1, 33527.41, 33904.90, -309.78, 39.97, NULL, NULL, NULL, 53),
	(326, '06:00:52', '2020-03-27', 6, 33724.10, NULL, NULL, 0.00, NULL, NULL, NULL, 53),
	(327, '06:50:35', '2020-03-27', 1, 33525.22, 33830.90, -212.59, 39.97, NULL, NULL, NULL, 53),
	(328, '06:50:40', '2020-03-27', 6, 33740.00, NULL, NULL, 0.00, NULL, NULL, NULL, 53),
	(329, '06:50:48', '2020-03-27', 1, 33525.22, 33831.00, -214.78, 39.97, NULL, NULL, NULL, 53),
	(330, '07:00:04', '2020-03-27', 6, 33740.00, NULL, NULL, 0.00, NULL, NULL, NULL, 53),
	(331, '07:11:58', '2020-03-27', 1, 33233.22, 33536.00, 8.00, 39.97, NULL, NULL, NULL, 53),
	(332, '07:17:06', '2020-03-27', 6, 33586.00, NULL, NULL, 0.00, NULL, NULL, NULL, 53),
	(333, '07:45:27', '2020-03-27', 1, 33549.00, 33876.90, -574.78, 39.97, NULL, NULL, NULL, 53),
	(334, '07:45:31', '2020-03-27', 6, 33808.00, NULL, NULL, 39.97, NULL, NULL, NULL, 53),
	(335, '07:45:38', '2020-03-27', 1, 33549.00, 33876.90, -259.00, 39.97, NULL, NULL, NULL, 53),
	(336, '08:00:03', '2020-03-27', 6, 33756.00, NULL, NULL, 0.00, NULL, NULL, NULL, 53),
	(337, '08:00:09', '2020-03-27', 1, 33549.00, 34066.89, -207.00, 39.97, NULL, NULL, NULL, 53),
	(338, '08:20:50', '2020-03-27', 6, 34071.90, NULL, NULL, 0.00, NULL, NULL, NULL, 53),
	(339, '08:26:16', '2020-03-27', 1, 33549.00, 34072.00, -264.98, 39.97, NULL, NULL, NULL, 53),
	(340, '08:26:23', '2020-03-27', 6, 34072.00, NULL, NULL, 0.00, NULL, NULL, NULL, 53),
	(341, '08:26:31', '2020-03-27', 1, 33549.00, 34072.00, -265.29, 39.97, NULL, NULL, NULL, 53),
	(342, '08:43:31', '2020-03-27', 6, 33874.00, NULL, NULL, 0.00, NULL, NULL, NULL, 53),
	(343, '10:09:38', '2020-03-27', 1, 33549.00, 34068.90, -235.00, 39.97, NULL, NULL, NULL, 53),
	(344, '10:18:10', '2020-03-27', 6, 33888.00, NULL, NULL, 0.00, NULL, NULL, NULL, 53),
	(345, '10:18:33', '2020-03-27', 1, 33549.00, 34067.99, -248.00, 39.97, NULL, NULL, NULL, 53),
	(346, '10:49:07', '2020-03-27', 6, 33776.10, NULL, NULL, 0.00, NULL, NULL, NULL, 53),
	(347, '10:49:15', '2020-03-27', 1, 33549.00, 33913.99, -227.10, 39.97, NULL, NULL, NULL, 53),
	(348, '11:00:04', '2020-03-27', 6, 33763.30, NULL, NULL, 0.00, NULL, NULL, NULL, 53),
	(349, '11:00:11', '2020-03-27', 1, 33549.00, 33913.99, -214.30, 39.97, NULL, NULL, NULL, 53),
	(350, '11:00:16', '2020-03-27', 6, 33763.30, NULL, NULL, 39.97, NULL, NULL, NULL, 53),
	(351, '11:00:23', '2020-03-27', 1, 33549.00, 33913.99, -214.30, 39.97, NULL, NULL, NULL, 53),
	(352, '11:08:33', '2020-03-27', 6, 33913.99, NULL, NULL, 0.00, NULL, NULL, NULL, 53),
	(353, '11:29:59', '2020-03-27', 1, 33558.78, 34010.51, -77.00, 39.97, NULL, NULL, NULL, 53),
	(354, '11:33:11', '2020-03-27', 6, 34008.06, NULL, NULL, 0.00, NULL, NULL, NULL, 53),
	(355, '11:34:27', '2020-03-27', 1, 33558.78, 34007.08, -67.22, 39.97, NULL, NULL, NULL, 53),
	(356, '11:38:39', '2020-03-27', 6, 34003.51, NULL, NULL, 0.00, NULL, NULL, NULL, 53),
	(357, '11:38:39', '2020-03-27', 6, 34003.51, NULL, NULL, 0.00, NULL, NULL, NULL, 53),
	(358, '11:56:58', '2020-03-27', 1, 33558.78, 33996.84, -154.22, 39.97, NULL, NULL, NULL, 53),
	(359, '11:57:02', '2020-03-27', 6, 33713.00, NULL, NULL, 39.97, NULL, NULL, NULL, 53),
	(360, '11:57:09', '2020-03-27', 1, 33558.78, 33996.61, -154.22, 39.97, NULL, NULL, NULL, 53),
	(361, '11:57:30', '2020-03-27', 6, 33996.51, NULL, NULL, 0.00, NULL, NULL, NULL, 53),
	(362, '12:05:24', '2020-03-27', 1, 33558.78, 33991.59, -154.32, 39.97, NULL, NULL, NULL, 53),
	(363, '12:21:27', '2020-03-27', 6, 33871.00, NULL, NULL, 0.00, NULL, NULL, NULL, 53),
	(364, '12:21:27', '2020-03-27', 6, 33871.00, NULL, NULL, 0.00, NULL, NULL, NULL, 53),
	(365, '12:21:31', '2020-03-27', 1, 33625.22, 33939.00, -312.22, 39.97, NULL, NULL, NULL, 53),
	(366, '12:26:27', '2020-03-27', 6, 34000.90, NULL, NULL, 0.00, NULL, NULL, NULL, 53),
	(367, '12:29:08', '2020-03-27', 1, 33558.78, 33999.62, -190.78, 39.97, NULL, NULL, NULL, 53),
	(368, '12:45:30', '2020-03-27', 6, 33866.00, NULL, NULL, 0.00, NULL, NULL, NULL, 53),
	(369, '12:45:30', '2020-03-27', 6, 33866.00, NULL, NULL, 0.00, NULL, NULL, NULL, 53),
	(370, '12:45:54', '2020-03-27', 1, 33571.00, 34000.90, -307.22, 39.97, NULL, NULL, NULL, 53),
	(371, '12:47:48', '2020-03-27', 6, 33918.10, NULL, NULL, 0.00, NULL, NULL, NULL, 53),
	(372, '12:52:00', '2020-03-27', 1, 33671.22, 33947.00, -347.10, 39.97, NULL, NULL, NULL, 53),
	(373, '13:00:21', '2020-03-27', 6, 33859.10, NULL, NULL, 0.00, NULL, NULL, NULL, 53),
	(374, '13:00:22', '2020-03-27', 6, 33859.10, NULL, NULL, 0.00, NULL, NULL, NULL, 53),
	(375, '13:00:33', '2020-03-27', 1, 33672.44, 33947.00, -187.88, 39.97, NULL, NULL, NULL, 53),
	(376, '13:00:41', '2020-03-27', 6, 33859.10, NULL, NULL, 0.00, NULL, NULL, NULL, 53),
	(377, '13:00:48', '2020-03-27', 1, 33672.44, 33947.00, -186.66, 39.97, NULL, NULL, NULL, 53),
	(378, '13:16:07', '2020-03-27', 6, 33921.89, NULL, NULL, 0.00, NULL, NULL, NULL, 53),
	(379, '13:41:08', '2020-03-27', 1, 33179.00, 34099.00, 199.44, 39.97, NULL, NULL, NULL, 53),
	(380, '13:41:46', '2020-03-27', 6, 33727.00, NULL, NULL, 0.00, NULL, NULL, NULL, 53),
	(381, '13:43:53', '2020-03-27', 1, 33179.00, 33812.68, -294.00, 39.97, NULL, NULL, NULL, 53),
	(382, '13:44:41', '2020-03-27', 6, 33812.01, NULL, NULL, 0.00, NULL, NULL, NULL, 53),
	(383, '13:45:00', '2020-03-27', 1, 33179.00, 33811.79, -294.00, 39.97, NULL, NULL, NULL, 53),
	(384, '13:53:36', '2020-03-27', 6, 33517.00, NULL, NULL, 0.00, NULL, NULL, NULL, 53),
	(385, '14:00:50', '2020-03-27', 1, 33341.00, 34086.00, -338.10, 39.97, NULL, NULL, NULL, 53),
	(386, '14:00:54', '2020-03-27', 6, 33517.10, NULL, NULL, 39.97, NULL, NULL, NULL, 53),
	(387, '14:01:01', '2020-03-27', 1, 33341.00, 34086.00, -176.10, 39.97, NULL, NULL, NULL, 53),
	(388, '14:17:05', '2020-03-27', 6, 33479.00, NULL, NULL, 0.00, NULL, NULL, NULL, 53),
	(389, '16:37:09', '2020-03-27', 1, 33198.00, 33565.00, -109.88, 39.97, NULL, NULL, NULL, 53),
	(390, '16:41:50', '2020-03-27', 6, 34020.00, NULL, NULL, 0.00, NULL, NULL, NULL, 53),
	(391, '16:42:03', '2020-03-27', 1, 33198.00, 33504.00, -252.88, 39.97, NULL, NULL, NULL, 53),
	(392, '16:46:19', '2020-03-27', 6, 34018.00, NULL, NULL, 0.00, NULL, NULL, NULL, 53),
	(393, '20:40:01', '2020-03-27', 1, 33181.00, 33459.00, -146.00, 39.97, 39.53, NULL, NULL, 53),
	(394, '20:56:08', '2020-03-27', 6, 33271.93, NULL, NULL, 0.00, NULL, NULL, NULL, 53),
	(395, '21:27:51', '2020-03-27', 1, 31797.55, 32233.79, 1185.00, 39.97, 39.53, NULL, NULL, 53),
	(396, '21:38:40', '2020-03-27', 6, 32198.00, NULL, NULL, 0.00, NULL, NULL, NULL, 53),
	(397, '21:41:21', '2020-03-27', 1, 31797.55, 32194.00, -268.45, 39.97, 39.53, NULL, NULL, 53),
	(398, '21:52:18', '2020-03-27', 6, 32552.00, NULL, NULL, NULL, NULL, NULL, NULL, 53),
	(399, '22:19:09', '2020-03-27', 1, 31842.99, 32250.00, -307.99, 39.97, 39.53, NULL, NULL, 53),
	(400, '22:19:31', '2020-03-27', 6, 32164.00, NULL, NULL, 0.00, NULL, NULL, NULL, 53),
	(401, '22:19:32', '2020-03-27', 6, 32164.00, NULL, NULL, 0.00, NULL, NULL, NULL, 53),
	(402, '23:40:11', '2020-03-27', 1, 32023.99, 32353.00, -447.87, 39.97, 39.53, NULL, NULL, 53),
	(403, '23:56:06', '2020-03-27', 6, 32309.22, NULL, NULL, 0.00, NULL, NULL, NULL, 53),
	(404, '00:18:09', '2020-03-28', 1, 31984.00, 32362.00, -241.01, 39.97, 39.97, NULL, NULL, 53),
	(405, '00:35:06', '2020-03-28', 6, 32250.00, NULL, NULL, 0.00, NULL, NULL, NULL, 53),
	(406, '01:27:58', '2020-03-28', 1, 31561.29, 32058.00, 144.00, 39.97, 39.97, NULL, NULL, 53),
	(407, '01:28:04', '2020-03-28', 6, 31840.00, NULL, NULL, 39.97, NULL, NULL, NULL, 53),
	(408, '01:31:05', '2020-03-28', 1, 31517.33, 31853.00, -216.04, 39.97, 39.97, NULL, NULL, 53),
	(409, '01:47:06', '2020-03-28', 6, 31829.33, NULL, NULL, 0.00, NULL, NULL, NULL, 53),
	(410, '01:47:06', '2020-03-28', 6, 31829.33, NULL, NULL, 0.00, NULL, NULL, NULL, 53),
	(411, '01:59:02', '2020-03-28', 1, 31909.10, 32381.00, -390.45, 39.97, 39.97, NULL, NULL, 53),
	(412, '02:00:03', '2020-03-28', 6, 31908.10, NULL, NULL, 0.00, NULL, NULL, NULL, 53),
	(413, '02:06:16', '2020-03-28', 1, 31554.33, 32029.00, 69.10, 39.97, 39.97, NULL, NULL, 53),
	(414, '02:06:32', '2020-03-28', 6, 32029.00, NULL, NULL, 0.00, NULL, NULL, NULL, 53),
	(415, '02:09:41', '2020-03-28', 1, 31554.33, 31966.00, -237.67, 39.97, 39.97, NULL, NULL, 53),
	(416, '02:25:06', '2020-03-28', 6, 31844.00, NULL, NULL, 0.00, NULL, NULL, NULL, 53),
	(417, '02:29:46', '2020-03-28', 1, 31481.00, 32074.00, 38.00, 39.97, 39.97, NULL, NULL, 53),
	(418, '02:33:32', '2020-03-28', 6, 31847.33, NULL, NULL, 0.00, NULL, NULL, NULL, 53),
	(419, '03:09:45', '2020-03-28', 1, 31651.00, 31978.00, -376.00, 39.97, 39.97, NULL, NULL, 53),
	(420, '03:09:49', '2020-03-28', 6, 31857.00, NULL, NULL, 39.97, NULL, NULL, NULL, 53),
	(421, '03:10:17', '2020-03-28', 1, 31651.33, 31978.00, -206.00, 39.97, 39.97, NULL, NULL, 53),
	(422, '03:26:04', '2020-03-28', 6, 31686.00, NULL, NULL, 0.00, NULL, NULL, NULL, 53),
	(423, '03:26:13', '2020-03-28', 1, 31687.33, 32143.88, -34.67, 39.97, 39.97, NULL, NULL, 53),
	(424, '03:28:14', '2020-03-28', 3, 32167.33, 31687.33, NULL, NULL, 39.97, 0.00047284, NULL, 53),
	(425, '03:49:06', '2020-03-28', 3, 32167.33, 31687.33, NULL, NULL, 39.97, 0.00047133, NULL, 53),
	(426, '03:49:14', '2020-03-28', 6, 31687.33, NULL, NULL, 0.00, NULL, NULL, NULL, 53),
	(427, '06:00:53', '2020-03-28', 1, 32137.00, 32478.00, -245.67, 40.37, 39.97, NULL, NULL, 53),
	(428, '06:00:58', '2020-03-28', 6, 32413.00, NULL, NULL, 40.37, NULL, NULL, NULL, 53),
	(429, '06:01:12', '2020-03-28', 1, 32137.33, 32478.00, -276.00, 40.37, 39.97, NULL, NULL, 53),
	(430, '06:02:53', '2020-03-28', 6, 32482.00, NULL, NULL, 0.00, NULL, NULL, NULL, 53),
	(431, '06:49:20', '2020-03-28', 1, 32392.01, 32532.00, -253.68, 40.37, 39.97, NULL, NULL, 53),
	(432, '07:00:09', '2020-03-28', 6, 32393.00, NULL, NULL, 0.00, NULL, NULL, NULL, 53),
	(433, '07:00:10', '2020-03-28', 6, 32393.00, NULL, NULL, 0.00, NULL, NULL, NULL, 53),
	(434, '07:12:58', '2020-03-28', 1, 32400.33, 32531.99, -57.99, 40.37, 39.97, NULL, NULL, 53),
	(435, '07:20:00', '2020-03-28', 3, 32880.33, 32450.00, NULL, NULL, 39.97, 0.00124448, NULL, 53),
	(436, '08:01:26', '2020-03-28', 4, 32003.65, 32003.65, NULL, NULL, 39.97, 0.00124448, NULL, 53),
	(437, '08:04:07', '2020-03-28', 1, 32004.66, 32531.99, 0.00, 39.79, 39.97, NULL, NULL, 53),
	(438, '08:04:44', '2020-03-28', 6, 32439.00, NULL, NULL, 0.00, NULL, NULL, NULL, 53),
	(439, '08:04:45', '2020-03-28', 6, 32439.00, NULL, NULL, 0.00, NULL, NULL, NULL, 53),
	(440, '08:36:18', '2020-03-28', 1, 32326.33, 32553.00, -434.73, 39.79, 39.97, NULL, NULL, 53),
	(441, '08:48:01', '2020-03-28', 3, 32806.33, 32326.33, NULL, NULL, 39.97, 0.0009237, NULL, 53),
	(442, '08:53:27', '2020-03-28', 3, 32806.33, 32263.00, NULL, NULL, 39.97, 0.00030573, NULL, 53),
	(443, '08:53:34', '2020-03-28', 6, 32326.33, NULL, NULL, 0.00, NULL, NULL, NULL, 53),
	(444, '08:53:34', '2020-03-28', 6, 32326.33, NULL, NULL, 0.00, NULL, NULL, NULL, 53),
	(445, '10:52:51', '2020-03-28', 4, 31690.00, 31690.00, NULL, NULL, 39.97, 0.00122943, NULL, 53),
	(446, '10:53:23', '2020-03-28', 1, 31483.00, 32322.65, 0.00, 38.92, 39.97, NULL, NULL, 53),
	(447, '10:56:06', '2020-03-28', 6, 31935.00, NULL, NULL, 0.00, NULL, NULL, NULL, 53),
	(448, '11:01:48', '2020-03-28', 1, 31483.00, 32164.00, -207.00, 38.92, 39.97, NULL, NULL, 53),
	(449, '11:01:52', '2020-03-28', 6, 31690.00, NULL, NULL, 38.92, NULL, NULL, NULL, 53),
	(450, '11:02:20', '2020-03-28', 1, 31483.00, 32163.65, -207.00, 38.92, 39.97, NULL, NULL, 53),
	(451, '11:08:41', '2020-03-28', 6, 32090.00, NULL, NULL, 0.00, NULL, NULL, NULL, 53),
	(452, '12:31:20', '2020-03-28', 1, 31873.76, 32186.00, -389.76, 38.92, 39.97, NULL, NULL, 53),
	(453, '12:47:04', '2020-03-28', 6, 32000.00, NULL, NULL, 0.00, NULL, NULL, NULL, 53),
	(454, '12:57:57', '2020-03-28', 1, 31825.33, 32107.88, -146.24, 38.92, 39.97, NULL, NULL, 53),
	(455, '12:58:05', '2020-03-28', 6, 32020.00, NULL, NULL, 0.00, NULL, NULL, NULL, 53),
	(456, '12:59:38', '2020-03-28', 1, 31825.33, 32107.88, -194.67, 38.92, 39.97, NULL, NULL, 53),
	(457, '13:00:04', '2020-03-28', 6, 32020.00, NULL, NULL, 0.00, NULL, NULL, NULL, 53),
	(458, '13:00:24', '2020-03-28', 1, 31825.33, 32107.88, -194.67, 38.92, 39.97, NULL, NULL, 53),
	(459, '13:00:29', '2020-03-28', 6, 32020.00, NULL, NULL, 0.00, NULL, NULL, NULL, 53),
	(460, '13:00:40', '2020-03-28', 1, 31825.33, 32107.88, -194.67, 38.92, 39.97, NULL, NULL, 53),
	(461, '13:16:07', '2020-03-28', 6, 31958.00, NULL, NULL, 0.00, NULL, NULL, NULL, 53),
	(462, '13:16:13', '2020-03-28', 1, 31751.00, 32021.99, -132.67, 38.92, 39.97, NULL, NULL, 53),
	(463, '13:41:55', '2020-03-28', 6, 32006.00, NULL, NULL, 0.00, NULL, NULL, NULL, 53),
	(464, '15:55:57', '2020-03-28', 1, 31481.00, 31860.00, 49.89, 38.92, 39.97, NULL, NULL, 53),
	(465, '16:00:08', '2020-03-28', 6, 31668.78, NULL, NULL, 0.00, NULL, NULL, NULL, 53),
	(466, '16:00:27', '2020-03-28', 1, 31481.00, 31812.00, -187.78, 38.92, 39.97, NULL, NULL, 53),
	(467, '16:08:19', '2020-03-28', 6, 32230.00, NULL, NULL, 0.00, NULL, NULL, NULL, 53),
	(468, '16:14:04', '2020-03-28', 1, 31481.00, 31978.00, -248.86, 38.92, 39.97, NULL, NULL, 53),
	(469, '16:25:51', '2020-03-28', 6, 31978.00, NULL, NULL, 0.00, NULL, NULL, NULL, 53),
	(470, '17:00:55', '2020-03-28', 1, 31731.40, 32122.00, -477.00, 38.92, 39.97, NULL, NULL, 53),
	(471, '17:09:52', '2020-03-28', 6, 32141.00, NULL, NULL, 0.00, NULL, NULL, NULL, 53),
	(472, '17:14:20', '2020-03-28', 1, 31731.29, 32240.00, -287.60, 38.92, 39.97, NULL, NULL, 53),
	(473, '17:28:12', '2020-03-28', 6, 32114.00, NULL, NULL, 0.00, NULL, NULL, NULL, 53),
	(474, '18:03:12', '2020-03-28', 1, 31555.00, 32180.00, -113.70, 38.92, 39.97, NULL, NULL, 53),
	(475, '18:09:25', '2020-03-28', 6, 31911.00, NULL, NULL, 0.00, NULL, NULL, NULL, 53),
	(476, '23:35:36', '2020-03-28', 1, 31880.00, 32050.00, -411.00, 38.92, 39.97, NULL, NULL, 53),
	(477, '23:58:53', '2020-03-28', 3, 32360.00, 31860.01, NULL, NULL, 39.97, 0.00121937, NULL, 53),
	(478, '05:29:10', '2020-03-29', 4, 31500.00, 31500.00, NULL, NULL, 39.97, 0.00121937, NULL, 53),
	(479, '06:43:51', '2020-03-29', 1, 31271.53, 31589.00, 28.00, 38.37, 39.97, NULL, NULL, 53),
	(480, '07:00:06', '2020-03-29', 6, 31450.00, NULL, NULL, 0.00, NULL, NULL, NULL, 53),
	(481, '07:17:37', '2020-03-29', 1, 31271.53, 31549.00, -178.47, 38.37, 39.97, NULL, NULL, 53),
	(482, '07:17:41', '2020-03-29', 6, 31450.00, NULL, NULL, 38.37, NULL, NULL, NULL, 53),
	(483, '07:17:49', '2020-03-29', 1, 31271.53, 31549.00, -178.47, 38.37, 39.97, NULL, NULL, 53),
	(484, '07:58:06', '2020-03-29', 6, 31503.00, NULL, NULL, 0.00, NULL, NULL, NULL, 53),
	(485, '07:58:08', '2020-03-29', 6, 31503.00, NULL, NULL, 0.00, NULL, NULL, NULL, 53),
	(486, '08:48:37', '2020-03-29', 1, 31366.26, 32175.99, -345.47, 38.37, 39.97, NULL, NULL, 53),
	(487, '09:00:04', '2020-03-29', 6, 31535.00, NULL, NULL, 0.00, NULL, NULL, NULL, 53),
	(488, '09:01:50', '2020-03-29', 1, 31271.53, 31619.00, -168.74, 38.37, 39.97, NULL, NULL, 53),
	(489, '09:01:58', '2020-03-29', 6, 31619.00, NULL, NULL, 0.00, NULL, NULL, NULL, 53),
	(490, '09:02:07', '2020-03-29', 1, 31271.53, 31928.00, -263.47, 38.37, 39.97, NULL, NULL, 53),
	(491, '09:32:48', '2020-03-29', 6, 31450.00, NULL, NULL, 0.00, NULL, NULL, NULL, 53),
	(492, '09:32:54', '2020-03-29', 1, 31176.79, 31454.00, -178.47, 38.37, 39.97, NULL, NULL, 53),
	(493, '09:48:20', '2020-03-29', 6, 31471.00, NULL, NULL, 0.00, NULL, NULL, NULL, 53),
	(494, '10:27:37', '2020-03-29', 1, 31176.79, 31515.00, -269.21, 38.37, 39.97, NULL, NULL, 53),
	(495, '10:38:12', '2020-03-29', 6, 31645.00, NULL, NULL, 0.00, NULL, NULL, NULL, 53),
	(496, '10:49:30', '2020-03-29', 1, 31180.00, 31408.00, -188.47, 38.37, 39.97, NULL, NULL, 53),
	(497, '10:59:41', '2020-03-29', 6, 31517.00, NULL, NULL, 0.00, NULL, NULL, NULL, 53),
	(498, '10:59:43', '2020-03-29', 6, 31517.00, NULL, NULL, 0.00, NULL, NULL, NULL, 53),
	(499, '11:15:42', '2020-03-29', 1, 31176.79, 31758.99, -231.11, 38.37, 39.97, NULL, NULL, 53),
	(500, '11:22:21', '2020-03-29', 6, 31521.00, NULL, NULL, 0.00, NULL, NULL, NULL, 53),
	(501, '11:22:56', '2020-03-29', 1, 31271.53, 31521.00, -344.21, 38.37, 39.97, NULL, NULL, 53),
	(502, '11:38:06', '2020-03-29', 6, 31458.00, NULL, NULL, 0.00, NULL, NULL, NULL, 53),
	(503, '11:38:13', '2020-03-29', 1, 31176.79, 31535.99, -186.47, 38.37, 39.97, NULL, NULL, 53),
	(504, '11:38:18', '2020-03-29', 6, 31458.00, NULL, NULL, 0.00, NULL, NULL, NULL, 53),
	(505, '11:38:26', '2020-03-29', 1, 31176.79, 31535.99, -281.21, 38.37, 39.97, NULL, NULL, 53),
	(506, '11:48:27', '2020-03-29', 6, 31524.00, NULL, NULL, 0.00, NULL, NULL, NULL, 53),
	(507, '11:48:27', '2020-03-29', 6, 31524.00, NULL, NULL, 0.00, NULL, NULL, NULL, 53),
	(508, '12:38:04', '2020-03-29', 1, 31271.53, 31539.00, -262.21, 38.37, 39.97, NULL, NULL, 53),
	(509, '12:54:06', '2020-03-29', 6, 31487.00, NULL, NULL, 0.00, NULL, NULL, NULL, 53),
	(510, '12:54:15', '2020-03-29', 1, 31271.53, 31539.00, -215.47, 38.37, 39.97, NULL, NULL, 53),
	(511, '12:54:20', '2020-03-29', 6, 31487.00, NULL, NULL, 38.37, NULL, NULL, NULL, 53),
	(512, '12:54:28', '2020-03-29', 1, 31271.53, 31539.00, -215.47, 38.37, 39.97, NULL, NULL, 53),
	(513, '12:57:48', '2020-03-29', 6, 31596.99, NULL, NULL, 0.00, NULL, NULL, NULL, 53),
	(514, '17:32:30', '2020-03-29', 1, 30282.03, 30559.00, 766.36, 38.37, 39.97, NULL, NULL, 53),
	(515, '17:32:49', '2020-03-29', 3, 30762.03, 30505.17, NULL, NULL, 39.97, 0.00126557, NULL, 53),
	(516, '18:26:25', '2020-03-29', 1, 30392.78, 30949.00, 107.03, 38.89, 39.97, NULL, NULL, 53),
	(517, '18:39:39', '2020-03-29', 6, 30714.00, NULL, NULL, 0.00, NULL, NULL, NULL, 53),
	(518, '19:05:03', '2020-03-29', 1, 30252.00, 30661.00, -38.22, 38.89, 39.97, NULL, NULL, 53),
	(519, '19:25:39', '2020-03-29', 6, 30715.43, NULL, NULL, 0.00, NULL, NULL, NULL, 53),
	(520, '19:55:17', '2020-03-29', 1, 30275.00, 30618.00, -305.22, 38.89, 39.97, NULL, NULL, 53),
	(521, '20:15:11', '2020-03-29', 6, 30640.22, NULL, NULL, 0.00, NULL, NULL, NULL, 53),
	(522, '21:09:37', '2020-03-29', 1, 30192.38, 30580.00, -84.00, 38.89, 39.97, NULL, NULL, 53),
	(523, '21:18:07', '2020-03-29', 6, 30546.00, NULL, NULL, 0.00, NULL, NULL, NULL, 53),
	(524, '21:18:09', '2020-03-29', 6, 30546.00, NULL, NULL, 0.00, NULL, NULL, NULL, 53),
	(525, '21:19:35', '2020-03-29', 1, 30192.38, 30860.78, -295.62, 38.89, 39.97, NULL, NULL, 53),
	(526, '21:21:25', '2020-03-29', 6, 30597.00, NULL, NULL, 0.00, NULL, NULL, NULL, 53),
	(527, '21:22:09', '2020-03-29', 1, 30192.38, 30860.78, -282.84, 38.89, 39.97, NULL, NULL, 53),
	(528, '21:28:17', '2020-03-29', 6, 30609.00, NULL, NULL, 0.00, NULL, NULL, NULL, 53),
	(529, '21:28:18', '2020-03-29', 6, 30609.00, NULL, NULL, 0.00, NULL, NULL, NULL, 53),
	(530, '21:44:36', '2020-03-29', 1, 30260.00, 30646.00, -331.62, 38.89, 39.97, NULL, NULL, 53),
	(531, '21:49:17', '2020-03-29', 6, 30585.00, NULL, NULL, 0.00, NULL, NULL, NULL, 53),
	(532, '22:06:43', '2020-03-29', 1, 30263.79, 30572.00, -273.00, 38.89, 39.97, NULL, NULL, 53),
	(533, '22:38:41', '2020-03-29', 6, 30684.00, NULL, NULL, 0.00, NULL, NULL, NULL, 53),
	(534, '10:13:56', '2020-03-30', 1, 32585.00, 32762.00, -2498.21, 38.89, 38.37, NULL, NULL, 53),
	(535, '10:17:47', '2020-03-30', 3, 33065.00, 32522.00, NULL, NULL, 38.37, 0.00119206, NULL, 53),
	(536, '14:38:58', '2020-03-30', 1, 32555.78, 33072.00, 217.00, 39.38, 38.37, NULL, NULL, 53),
	(537, '14:40:14', '2020-03-30', 6, 33072.00, NULL, NULL, 0.00, NULL, NULL, NULL, 53),
	(538, '15:56:00', '2020-03-30', 1, 32599.00, 33229.07, -140.22, 39.38, 38.37, NULL, NULL, 53),
	(539, '15:59:40', '2020-03-30', 6, 32925.00, NULL, NULL, 0.00, NULL, NULL, NULL, 53),
	(540, '16:20:24', '2020-03-30', 1, 32555.78, 33000.78, -44.00, 39.38, 38.37, NULL, NULL, 53),
	(541, '16:43:46', '2020-03-30', 6, 32951.10, NULL, NULL, 0.00, NULL, NULL, NULL, 53),
	(542, '18:08:24', '2020-03-30', 1, 33184.00, 33628.00, -874.23, 39.38, 38.37, NULL, NULL, 53),
	(543, '18:09:28', '2020-03-30', 6, 33589.00, NULL, NULL, 0.00, NULL, NULL, NULL, 53),
	(544, '18:25:38', '2020-03-30', 1, 33286.78, 33800.00, -101.78, 39.38, 38.37, NULL, NULL, 53),
	(545, '18:26:15', '2020-03-30', 6, 33771.00, NULL, NULL, 0.00, NULL, NULL, NULL, 53),
	(546, '20:54:32', '2020-03-30', 1, 32913.00, 33198.56, 375.78, 39.38, 38.37, NULL, NULL, 53),
	(547, '21:00:09', '2020-03-30', 6, 33062.00, NULL, NULL, 0.00, NULL, NULL, NULL, 53),
	(548, '21:12:07', '2020-03-30', 1, 32781.88, 33150.00, -137.68, 39.38, 38.37, NULL, NULL, 53),
	(549, '21:12:13', '2020-03-30', 6, 33150.00, NULL, NULL, 39.38, NULL, NULL, NULL, 53),
	(550, '22:14:35', '2020-03-30', 1, 32970.78, 33305.00, -452.12, 39.38, 38.37, NULL, NULL, 53),
	(551, '22:39:17', '2020-03-30', 6, 33353.00, NULL, NULL, 0.00, NULL, NULL, NULL, 53),
	(552, '22:39:57', '2020-03-30', 1, 32986.79, 33422.90, -15.00, 39.38, 38.37, NULL, NULL, 53),
	(553, '22:48:07', '2020-03-30', 6, 33373.00, NULL, NULL, 0.00, NULL, NULL, NULL, 53),
	(554, '22:48:08', '2020-03-30', 6, 33373.00, NULL, NULL, 0.00, NULL, NULL, NULL, 53),
	(555, '10:11:53', '2020-03-31', 1, 32649.15, 33166.67, 338.74, 39.38, 38.89, NULL, NULL, 53),
	(556, '10:16:44', '2020-03-31', 6, 33264.00, NULL, NULL, 0.00, NULL, NULL, NULL, 53),
	(557, '10:42:37', '2020-03-31', 1, 32887.48, 33234.80, -493.85, 39.38, 38.89, NULL, NULL, 53),
	(558, '10:45:13', '2020-03-31', 3, 33377.48, 32888.08, NULL, NULL, 38.89, 0.00045204, NULL, 53),
	(559, '11:42:42', '2020-03-31', 6, 33377.00, NULL, NULL, 0.00, NULL, NULL, NULL, 53),
	(560, '11:42:44', '2020-03-31', 6, 33377.00, NULL, NULL, 0.00, NULL, NULL, NULL, 53),
	(561, '12:38:23', '2020-03-31', 1, 32886.23, 33388.79, 213.48, 39.57, 38.89, NULL, NULL, 53),
	(562, '12:42:24', '2020-03-31', 6, 33276.00, NULL, NULL, 0.00, NULL, NULL, NULL, 53),
	(563, '12:42:24', '2020-03-31', 6, 33276.00, NULL, NULL, 0.00, NULL, NULL, NULL, 53),
	(564, '19:04:50', '2020-03-31', 1, 32596.00, 33000.00, 3.13, 39.57, 38.89, NULL, NULL, 53),
	(565, '19:09:59', '2020-03-31', 6, 32920.00, NULL, NULL, 0.00, NULL, NULL, NULL, 53),
	(566, '19:16:15', '2020-03-31', 1, 32596.00, 32986.00, -224.00, 39.57, 38.89, NULL, NULL, 53),
	(567, '19:47:09', '2020-03-31', 3, 33086.00, 32869.00, NULL, NULL, 38.89, 0.0012125, NULL, 53),
	(568, '20:46:56', '2020-03-31', 6, 32825.00, NULL, NULL, 0.00, NULL, NULL, NULL, 53),
	(569, '21:19:31', '2020-03-31', 4, 32050.00, 32050.00, NULL, NULL, 38.89, 0.0012125, NULL, 53),
	(570, '23:34:38', '2020-03-31', 1, 32081.00, 32306.01, -159.00, 38.82, 38.89, NULL, NULL, 53),
	(571, '00:20:24', '2020-04-01', 6, 32442.00, NULL, NULL, 0.00, NULL, NULL, NULL, 53),
	(572, '00:20:27', '2020-04-01', 6, 32442.00, NULL, NULL, 0.00, NULL, NULL, NULL, 53),
	(573, '01:09:27', '2020-04-01', 1, 32085.00, 32546.90, -100.10, 38.82, 39.38, NULL, NULL, 53),
	(574, '01:13:31', '2020-04-01', 6, 32462.00, NULL, NULL, 0.00, NULL, NULL, NULL, 53),
	(575, '02:11:35', '2020-04-01', 1, 32051.00, 32534.90, -249.10, 38.82, 39.38, NULL, NULL, 53),
	(576, '02:16:22', '2020-04-01', 6, 32385.00, NULL, NULL, 0.00, NULL, NULL, NULL, 53),
	(577, '02:16:32', '2020-04-01', 3, 32541.00, 32385.00, NULL, NULL, 39.38, 0.00120974, NULL, 53),
	(578, '02:21:06', '2020-04-01', 6, 32379.00, NULL, NULL, 0.00, NULL, NULL, NULL, 53),
	(579, '13:12:04', '2020-04-01', 1, 31665.76, 32245.00, 841.00, 39.32, 39.38, NULL, NULL, 53),
	(580, '13:14:30', '2020-04-01', 6, 32250.00, NULL, NULL, 0.00, NULL, NULL, NULL, 53),
	(581, '13:17:21', '2020-04-01', 1, 31665.76, 32248.65, -35.24, 39.32, 39.38, NULL, NULL, 53),
	(582, '13:17:52', '2020-04-01', 6, 32202.00, NULL, NULL, 0.00, NULL, NULL, NULL, 53),
	(583, '13:18:04', '2020-04-01', 1, 31665.76, 32249.00, -35.24, 39.32, 39.38, NULL, NULL, 53),
	(584, '13:18:13', '2020-04-01', 6, 32198.00, NULL, NULL, 0.00, NULL, NULL, NULL, 53),
	(585, '13:21:53', '2020-04-01', 1, 31665.76, 32245.00, -211.34, 39.32, 39.38, NULL, NULL, 53),
	(586, '13:38:36', '2020-04-01', 6, 32023.00, NULL, NULL, 0.00, NULL, NULL, NULL, 53),
	(587, '13:40:18', '2020-04-01', 1, 31665.76, 32238.65, -214.24, 39.32, 39.38, NULL, NULL, 53),
	(588, '13:47:26', '2020-04-01', 6, 32034.00, NULL, NULL, 0.00, NULL, NULL, NULL, 53),
	(589, '13:55:27', '2020-04-01', 1, 31665.76, 32061.00, -214.24, 39.32, 39.38, NULL, NULL, 53),
	(590, '13:56:28', '2020-04-01', 6, 32139.90, NULL, NULL, 0.00, NULL, NULL, NULL, 53),
	(591, '15:20:41', '2020-04-01', 1, 31683.00, 32255.46, -217.24, 39.32, 39.38, NULL, NULL, 53),
	(592, '16:00:05', '2020-04-01', 6, 31721.00, NULL, NULL, 0.00, NULL, NULL, NULL, 53),
	(593, '16:39:03', '2020-04-01', 1, 31691.78, 32152.69, -216.78, 39.32, 39.38, NULL, NULL, 53),
	(594, '16:41:57', '2020-04-01', 6, 32283.75, NULL, NULL, 0.00, NULL, NULL, NULL, 53),
	(595, '16:59:23', '2020-04-01', 1, 31900.26, 32230.00, -494.22, 39.32, 39.38, NULL, NULL, 53),
	(596, '17:06:22', '2020-04-01', 6, 32304.00, NULL, NULL, 0.00, NULL, NULL, NULL, 53),
	(597, '17:06:35', '2020-04-01', 1, 31900.26, 32304.00, -285.74, 39.32, 39.38, NULL, NULL, 53),
	(598, '17:10:21', '2020-04-01', 6, 32237.00, NULL, NULL, 0.00, NULL, NULL, NULL, 53),
	(599, '17:10:22', '2020-04-01', 6, 32237.00, NULL, NULL, 0.00, NULL, NULL, NULL, 53);
/*!40000 ALTER TABLE `transacao` ENABLE KEYS */;

/*!40101 SET SQL_MODE=IFNULL(@OLD_SQL_MODE, '') */;
/*!40014 SET FOREIGN_KEY_CHECKS=IF(@OLD_FOREIGN_KEY_CHECKS IS NULL, 1, @OLD_FOREIGN_KEY_CHECKS) */;
/*!40101 SET CHARACTER_SET_CLIENT=@OLD_CHARACTER_SET_CLIENT */;
